ID,RiskScore
0,34.01302573988724
1,53.19628720246747
2,29.134883021863413
3,36.21526215561347
4,36.32318431452089
5,69.25966287342166
6,31.291403339404955
7,31.567492249849625
8,36.992538250867
9,66.79830724562629
10,34.46358579952856
11,29.781296006418078
12,62.89426354770903
13,34.36437410377503
14,35.59948474110483
15,60.234470125356104
16,21.61592463689164
17,31.34314258381242
18,64.24321456394983
19,65.5376824027096
20,74.14318091019736
21,32.40033921733946
22,70.08925411425409
23,41.44099811935163
24,50.238070481176585
25,27.3635716926893
26,30.862296730426472
27,27.068110549516224
28,53.336170757027524
29,72.447560765132
30,30.959961031142424
31,67.00779457507667
32,31.36183449758793
33,30.583633448710362
34,37.595913982633924
35,37.496491294246546
36,66.85355472001328
37,56.18009170572595
38,50.37615212181101
39,75.82542495694231
40,71.70929891036744
41,45.480544888463875
42,85.50862851938133
43,20.817965283634567
44,52.87239269270388
45,31.06586607456784
46,34.66238289020263
47,67.59449360942192
48,29.596628185369205
49,36.57122981200093
50,67.48196506305705
51,58.86502110136481
52,44.918867407128
53,21.999316815264173
54,31.907398239687737
55,37.57606119857411
56,73.16952622840093
57,32.73382992132731
58,45.41047366849313
59,64.79943432516359
60,67.72954070968675
61,49.69921649865272
62,30.870185925240893
63,87.344133789386
64,27.634766468510144
65,31.05648017762737
66,60.45214331738073
67,60.32701862291987
68,38.08300004016166
69,70.72073024529021
70,33.1243636340515
71,37.31893371578628
72,44.36906339836301
73,54.008309778996875
74,49.14651432898482
75,67.64260158387582
76,68.93562134899564
77,25.871026193857357
78,50.954554472198964
79,62.84011019935083
80,71.6174051826256
81,55.57578958126597
82,60.24304583792747
83,34.734357614188376
84,69.64320013964948
85,78.73888035833708
86,61.9697696263623
87,24.129055758517005
88,36.54036011486068
89,70.8911480099336
90,35.79377862126865
91,42.43939185477747
92,41.023966201188614
93,31.227559426990897
94,38.35048538778066
95,39.0981208427111
96,33.11077784549469
97,65.01606930648016
98,36.48402961057769
99,69.58772847627377
100,32.31449992479446
101,33.17134695429186
102,67.84915595786852
103,78.72699790169268
104,32.03418202347646
105,77.15287784847513
106,75.2945569283793
107,69.34156868745957
108,35.03073543348825
109,70.03438048959576
110,50.184321114829096
111,68.55242407771894
112,74.0585019374793
113,59.76894539730868
114,70.04100347701853
115,30.02216603379206
116,71.02083804241984
117,53.525037806826205
118,37.58243918455757
119,45.547419085792285
120,21.954625856165155
121,75.11452955416954
122,34.31493173782829
123,51.66010029733121
124,34.02573090708251
125,56.755265129829475
126,23.16185305222837
127,29.227509970154838
128,34.7880559079849
129,66.1742838178706
130,31.402120091560487
131,67.13242565945609
132,74.77198966377632
133,78.43549969165113
134,25.851783922712293
135,33.62630573730793
136,22.538361393844585
137,42.77764118140222
138,32.329915517050814
139,49.98918983528458
140,39.26871133680195
141,38.59857639763604
142,26.15501405110047
143,28.43610092632399
144,64.72049124444159
145,32.013384915128825
146,46.17741946853865
147,62.56127971168056
148,65.94703207349744
149,67.80514703527592
150,45.78541448106417
151,31.34903781186997
152,77.3425244861768
153,46.016882780111146
154,60.71382873595053
155,34.221487583721014
156,71.44669681573568
157,64.05197072227415
158,68.29137771698538
159,72.51245969517637
160,43.59230620421962
161,36.055832158920694
162,72.30435929600131
163,34.97639903364335
164,37.91393634082431
165,53.01118649156706
166,36.901836764815386
167,36.079452942374765
168,36.22755803912362
169,30.05924994681652
170,39.05853586809942
171,48.583660702005766
172,67.64190577613816
173,43.866822619496105
174,31.725264976818714
175,61.356260889327274
176,47.26023198348958
177,41.63236131070925
178,58.823713907052635
179,72.6664592192045
180,47.68627495149621
181,31.22474212067115
182,65.15567530302658
183,69.19235600006469
184,71.81200836336154
185,63.18202417413647
186,71.85759005087831
187,59.24974441390267
188,34.81382948632239
189,24.722362474319606
190,31.60805455715327
191,72.97988392392809
192,53.57978379124864
193,29.85127126659181
194,69.24312688380327
195,26.414029768414512
196,35.99293610921222
197,59.43834484450654
198,63.608307879024785
199,34.43622771560664
200,28.98098273764603
201,54.42562125992535
202,30.83902853188049
203,36.004545462789736
204,68.74730025143128
205,57.876825381015394
206,61.25075689910709
207,37.72303525899133
208,49.78148348716843
209,56.90079342924757
210,31.04431527377355
211,30.22168488091207
212,75.79958332712047
213,64.75451436711636
214,40.60391940113064
215,58.276376002586936
216,63.15898323243398
217,66.98024828217494
218,47.49374614858476
219,30.376514257247095
220,34.0542117330925
221,34.88856137629309
222,30.038196062081127
223,55.00048010737498
224,31.512462658684473
225,64.55540552812475
226,62.280503445618265
227,34.60785365048819
228,40.50572153783722
229,40.25860109145566
230,44.47234837356086
231,52.45672299776968
232,37.77171245353081
233,49.852424364311105
234,77.81156682599568
235,65.35926636450819
236,33.302663280411196
237,51.38151046418872
238,68.11607236881267
239,30.77571201264863
240,66.5301651886924
241,72.28946158992379
242,42.870595233386965
243,64.76511765408765
244,67.4862189013079
245,65.74031010244114
246,24.571552099287356
247,41.216323426453386
248,74.16670747318396
249,24.81715042176652
250,70.76495876248461
251,31.73287165993354
252,34.25070818768716
253,37.48338504958625
254,53.82998113314964
255,30.86164640571067
256,54.781914548105966
257,74.5766450658191
258,66.59058060267519
259,32.15932202453865
260,45.409697855781964
261,44.435032176531124
262,28.476608491387005
263,75.77275374140521
264,65.72484538154757
265,26.433567717244376
266,42.045047757540345
267,24.324637390972672
268,65.99152777911272
269,79.21415258933845
270,52.828723429536566
271,78.97565645179036
272,29.06194293832253
273,43.13380369989732
274,31.526556658917826
275,47.73278014885935
276,62.36648366524538
277,35.410406430156385
278,59.560488235583875
279,28.27236307834536
280,60.989646248056836
281,62.060516891218775
282,56.72540237254205
283,52.33924207770839
284,33.451100884190474
285,33.437346154259735
286,31.107144031816887
287,72.02776207441673
288,49.29318993034935
289,36.86849478747614
290,48.938986508759356
291,38.125783129597245
292,56.36496145647324
293,72.59366423513707
294,34.25492893008671
295,70.59561376357209
296,76.60745948465735
297,31.099088005586193
298,37.709984628285696
299,71.15948713855076
300,46.996326924324364
301,74.68453529019743
302,63.61810061822929
303,35.61044859720773
304,61.04045545957915
305,32.3579716882266
306,34.396572111350075
307,69.56889297121896
308,50.88644930347957
309,27.771310783500443
310,68.51064341922688
311,53.69671238666113
312,48.32822859105973
313,48.216230581525245
314,69.75117050464772
315,74.30157997848424
316,32.587011987352795
317,34.07623073982763
318,54.22753766199939
319,34.33197245093317
320,28.72092545564071
321,36.63204952821786
322,71.2122781552466
323,64.19729366393169
324,91.70670708823815
325,35.26407422726659
326,69.62884767035237
327,31.627180498546704
328,45.20447082463045
329,29.75927569622778
330,38.31919872558991
331,82.06182249103429
332,23.180789781735182
333,68.43876350106684
334,61.68257812157288
335,67.66258366595004
336,65.68099791661857
337,24.104538373724573
338,33.18254353331002
339,41.74427603670478
340,72.99310650606068
341,73.727264442509
342,70.43185496504883
343,66.23061947457289
344,33.08582263520727
345,33.12153618265414
346,36.90452762359074
347,39.314360013472836
348,41.47003660413585
349,23.90910786370699
350,42.738599392134056
351,31.94584693725781
352,52.58282261604296
353,25.70070802307054
354,22.082846945679684
355,32.82448813620089
356,28.099989302368535
357,27.896719632081684
358,29.07252960874184
359,69.6743329134494
360,32.4631339488996
361,27.99854865032663
362,34.161786482985725
363,62.89081231321543
364,52.57800024091032
365,47.72971526406601
366,55.54718328827627
367,29.17198927357531
368,65.23008626822916
369,53.470621805321684
370,38.171253400542845
371,24.01020905458853
372,31.13173074078691
373,70.92235206373168
374,52.418741474880214
375,36.07330800535146
376,28.700732519776796
377,64.66615239260946
378,56.2474815335649
379,67.09324031084809
380,35.88489489075901
381,32.01522078460554
382,65.11069878222678
383,64.85326611840696
384,43.14869899401808
385,64.71550930276607
386,31.079191349305923
387,33.22034826061613
388,57.27786538303869
389,31.616907568147745
390,72.03071713599155
391,68.39854052024819
392,66.27862820462072
393,40.204976665395336
394,75.65981301423565
395,72.87508921328119
396,33.27679806173241
397,22.141914727787203
398,71.06982243543095
399,35.50271637971141
400,48.36186139928885
401,70.4395987957501
402,27.432587975894673
403,67.14726193215564
404,68.0184041511012
405,51.862193287454964
406,31.043562089077735
407,63.66544905339965
408,45.50107071026677
409,31.287634402229806
410,35.85992445660265
411,37.03358065548768
412,33.35084126292932
413,40.04556748048513
414,63.40457803629363
415,48.17828623734181
416,38.97261355509682
417,37.74143131526275
418,33.050617889048546
419,41.202309091234255
420,26.92599618965658
421,42.03238893107775
422,32.034838336475815
423,55.319786587513114
424,26.050128320209264
425,47.34646833684784
426,29.727685553415146
427,30.668914520968546
428,53.15315531282374
429,33.11786238490179
430,61.821233048360156
431,30.942298417182027
432,70.06298865778699
433,64.63311609573417
434,70.73093000762752
435,55.27169149352015
436,27.966157140340304
437,68.74501963325889
438,41.56945600389149
439,49.009667494249854
440,71.91378382854946
441,27.15579340726458
442,70.84488788466074
443,66.82184539570085
444,67.02518579781147
445,69.19385605722002
446,67.74812941001602
447,53.76170231240106
448,57.24006003488054
449,73.99527543317652
450,69.2055934446819
451,72.25134586348224
452,29.60611755528148
453,62.314890809671944
454,52.80595992732103
455,49.35754373314075
456,39.9463277765892
457,52.96110782287192
458,39.82580490802626
459,55.23413449038444
460,34.352111202969226
461,35.5422148185447
462,29.893010069546655
463,50.03203806553032
464,27.413312895796224
465,54.142212097035205
466,28.394678845205277
467,61.8070583241101
468,36.7131925896557
469,72.1200763650221
470,61.2317431750229
471,68.03188457094186
472,32.83663095937449
473,33.086017599581446
474,30.86788394825
475,70.36824863345342
476,23.837731666718156
477,74.88770711358444
478,29.743610042431193
479,58.34769417582433
480,58.04938921924889
481,39.73537080141592
482,72.24247383246328
483,38.55152453875804
484,36.15466780133688
485,58.176532267986936
486,68.78103494332669
487,33.0160379421045
488,74.52132081735776
489,26.27145587390422
490,69.74181956823475
491,36.35310481791972
492,65.9454435103279
493,29.106814119199427
494,66.76633082244655
495,34.14975964346337
496,79.81684622785762
497,67.8632967711385
498,39.45938379850669
499,32.22232001589669
500,58.40200120277879
501,43.70766954162483
502,73.82502327699189
503,29.079857917575577
504,41.593018278422704
505,51.00610704640009
506,45.15011309499663
507,69.75821941299478
508,31.059002478324505
509,88.26087486607236
510,39.19007905272749
511,62.007880409058146
512,30.44569668679452
513,79.22802095310774
514,63.16188509346227
515,36.63925773754724
516,42.17057355904234
517,47.753966241558814
518,39.15200883889621
519,48.32268284918348
520,69.37361493746752
521,68.52236135175256
522,72.0594376252457
523,28.07939229435682
524,36.906224193513296
525,67.3527528690057
526,37.98791866266698
527,51.33051906689162
528,23.233407935806635
529,37.921631329598355
530,30.696508961022285
531,29.079616905733
532,42.312008192242025
533,59.19279372448657
534,55.11984744156655
535,30.251590014223122
536,56.435863390271976
537,75.94839769574796
538,65.19826782770889
539,75.35709044219062
540,65.41510669083502
541,35.92488897309671
542,76.2593632807049
543,48.792704886829945
544,61.68769257059938
545,75.44870330982607
546,73.16089589067568
547,65.1230906269797
548,64.8335632403896
549,51.97172552407516
550,40.53196061290979
551,31.430887859570035
552,52.23588178046752
553,31.034859739516524
554,73.77513244748499
555,48.35974841027342
556,34.82559520797383
557,33.983162493654255
558,70.733406548432
559,41.95143996374171
560,32.86685214846819
561,67.12491287927347
562,72.30354817325679
563,68.72809594891552
564,31.37205869131999
565,77.86523325801848
566,61.697218808927786
567,43.84326024473063
568,60.615472594752276
569,34.70740168454163
570,71.91496642798208
571,27.440589347545778
572,71.37986114208532
573,57.968352737941956
574,47.83183923530559
575,42.0165106443183
576,39.665762950936255
577,24.415745857096177
578,59.99423911021219
579,28.648953110434356
580,30.256850781258247
581,30.991244298560094
582,73.73466539682738
583,43.2482908852964
584,42.54645123565135
585,29.986736482848617
586,71.42603727772182
587,44.19737621191001
588,45.243644649166846
589,31.439258712211572
590,66.63236833767958
591,40.959225408780796
592,79.04720193901301
593,59.97819180766629
594,63.30143795199559
595,31.37814038755815
596,66.41366305577318
597,43.72870256889675
598,44.925182238305155
599,55.83854808285252
600,30.72195521117772
601,71.02324440392917
602,59.47711376437837
603,73.01816520325409
604,64.78126649359055
605,32.68332372412459
606,36.248213753812216
607,71.08952741658142
608,33.58733086083546
609,30.300705933694985
610,65.53585267869983
611,46.88429931528645
612,35.45923631965725
613,36.44372205938185
614,33.315396409518456
615,38.342395809225664
616,35.175759828815934
617,27.390431003482973
618,55.67063804563031
619,37.76215283862498
620,36.072025127039474
621,57.71295885292076
622,68.77445806806573
623,60.07962603774406
624,35.660058673990925
625,79.26886778767644
626,49.99050713996145
627,65.2339513469816
628,78.71148561648401
629,31.482437934814524
630,35.15679827919649
631,36.36089620357182
632,70.36037045453105
633,36.54969258579621
634,32.672839434186585
635,40.00206092365749
636,36.05593130519866
637,72.69115045836685
638,30.143590183609117
639,76.28631554758577
640,67.61838066441668
641,45.334379150958206
642,36.31621956550535
643,66.94245462702597
644,60.531516256992724
645,29.192907856147688
646,71.0695360747217
647,61.08534192823601
648,49.16112472321861
649,82.40742634561408
650,30.600810167056384
651,30.9235937146042
652,20.30612240357272
653,33.95913625447014
654,29.13356612041724
655,39.33835819049001
656,29.251449256008407
657,76.68801928395006
658,36.20086106798984
659,39.32368230010606
660,39.734721683031694
661,25.38605623742214
662,28.31123398268232
663,30.328787523603452
664,39.75056338341637
665,72.54277686802267
666,21.76054651022855
667,38.040369010080774
668,65.21092345286029
669,32.36094130293379
670,30.448337751621317
671,29.197077522542806
672,24.566455937676253
673,35.27200567135689
674,35.85796399280747
675,69.41659582075086
676,50.41920972871368
677,34.860073979224126
678,33.47184996714564
679,76.90550521887447
680,63.05167726124392
681,41.366496846728836
682,33.39955518746279
683,55.49515052773129
684,29.336504936979875
685,51.764345774070556
686,67.64975458240961
687,35.59656167682574
688,77.72589342702268
689,63.304443796066664
690,35.64778590325736
691,61.64509387473354
692,65.03864944021161
693,37.872453142195376
694,27.929600485483512
695,68.87665185239884
696,51.36416868433186
697,72.76414697357879
698,77.35891336974792
699,33.892884136526895
700,57.699977294405336
701,39.05885716913695
702,28.120167304552577
703,31.796814023205844
704,32.447083809194076
705,31.248448057278157
706,37.10650687699216
707,70.90544623968647
708,57.53347633851089
709,43.515200166112436
710,62.979981999823224
711,58.685007742851475
712,33.598287605784954
713,73.86659828074403
714,71.95957335892469
715,22.036472979534043
716,30.307023910626505
717,65.3167502148854
718,37.23547226177453
719,46.31210289964834
720,70.72607123694135
721,69.13173982419356
722,30.5800056451877
723,29.816912164701673
724,66.78817796135438
725,47.09328438258559
726,33.51669873852534
727,56.120459957815015
728,74.844136058962
729,30.033164847709955
730,30.08788325889335
731,47.507780930438265
732,29.944629693838383
733,42.49049249373171
734,45.17820766493465
735,29.876626245747676
736,66.55486137123118
737,43.51055324991189
738,38.19408759250771
739,29.279013218574008
740,29.304594354510808
741,66.47604320724133
742,50.966916295601756
743,38.53364293905365
744,31.009435891783678
745,48.81839433955829
746,63.771116994564906
747,61.480368962756465
748,33.46505541734085
749,41.93232773114707
750,73.45846972431144
751,41.61681386217915
752,91.73153030725949
753,41.484537915885134
754,38.57361495377003
755,57.895663323747854
756,23.304029053808048
757,69.71945238628207
758,69.56440795981378
759,61.37921056945975
760,30.260712228169083
761,42.547905285141205
762,47.80116110468975
763,37.48186509289459
764,74.29865753965923
765,71.17360658750849
766,29.321300719856414
767,93.15359340559364
768,32.9403941046197
769,43.55283028031613
770,30.964368898329933
771,75.16649314756195
772,66.0498175770605
773,29.55391160125923
774,29.220437790128376
775,42.22086166534739
776,34.7430129374261
777,30.33439992106545
778,28.953110097543398
779,32.9651146196573
780,45.4532591127422
781,48.18987139923953
782,72.85615298587429
783,69.22399924125192
784,38.00337660084345
785,28.98867890205153
786,53.56865880711459
787,69.0467509095028
788,69.2406468321919
789,44.37935896863198
790,68.0285381724696
791,32.25276730409916
792,28.962295886242874
793,35.58073266330956
794,74.04736972620601
795,38.97784383820429
796,49.16104382301218
797,33.90098214570743
798,70.36183023397959
799,71.31593378181344
800,66.61081848370183
801,48.79636904209574
802,25.474247514357465
803,54.48012796460677
804,73.60759523547961
805,63.61556457095533
806,64.01095006745788
807,57.416267123270906
808,67.58977590584216
809,50.73143476418912
810,76.28244110284619
811,49.64525120424677
812,30.86952340283076
813,71.13506142047952
814,51.63875829536885
815,78.00318357601611
816,27.523375803199684
817,48.279731852954654
818,72.35805443317655
819,34.65754017354453
820,35.74914081096708
821,49.75613010072647
822,44.31019707243846
823,63.158594795104406
824,72.46643534111803
825,80.74209616748198
826,56.47534916643589
827,38.93584721536442
828,29.89953535534937
829,38.92676315820446
830,32.55486357367057
831,68.89903741436144
832,44.169860155079235
833,49.41449355590431
834,33.304779894215336
835,65.78873707809156
836,29.011901852331963
837,33.23148157621126
838,30.046420458778304
839,53.0360826048046
840,71.95136925043221
841,74.38439275378609
842,56.7531825504861
843,48.77205475175622
844,90.15211107738126
845,35.633540317347325
846,44.119544530937176
847,34.49641103392584
848,70.87803519841015
849,40.75665587421814
850,23.174677586025382
851,55.18226047719342
852,48.46163080394391
853,30.49039382046112
854,33.41061995824162
855,31.270456009284988
856,61.63017250946286
857,28.808828676372215
858,32.17602552372774
859,69.72596587451407
860,33.79295053715644
861,38.23446563980706
862,50.22149879958093
863,30.352403981325118
864,29.978096472728225
865,47.878730646637166
866,79.75487266585571
867,30.19656659064537
868,42.1862354791303
869,63.80494100563426
870,25.994750477023366
871,29.666863414335726
872,61.983892795835054
873,47.96264679700039
874,17.530993007449425
875,71.46165864693039
876,31.097261586465688
877,36.68749617951389
878,42.09802138144889
879,28.254271761113593
880,31.42275452978004
881,32.555432352837364
882,76.18374539514578
883,35.26521721424594
884,48.40804432695227
885,30.038728068067257
886,55.48876914424678
887,58.75622809645582
888,76.82489979211562
889,55.58271348061427
890,33.697015634083336
891,28.364678257356523
892,77.18430552236742
893,35.95354806056873
894,38.4428477934123
895,23.01869745223309
896,50.70562458929746
897,49.349574619916886
898,45.410200611497686
899,70.00830048997776
900,24.3391960975792
901,69.45764957095003
902,77.61342801134913
903,71.21644804141914
904,53.35879713076507
905,82.30395710156608
906,43.16272416764763
907,70.66272335396462
908,50.39955180878857
909,53.597194037161
910,49.31280937496138
911,70.70978840408999
912,75.97858231605043
913,70.42917758496253
914,32.19435752946835
915,41.108708719662985
916,57.61620264482288
917,49.651659024367696
918,27.744534220250916
919,35.29624740094406
920,23.509228002651902
921,34.72465890207696
922,52.10824708227876
923,41.17654620349423
924,68.70726543879
925,82.73487196755686
926,58.48775358469867
927,38.54079676615598
928,35.904670386788446
929,31.975673842751146
930,32.75611414673401
931,30.937206376838436
932,30.033800174428247
933,57.48624420494525
934,30.77098979940264
935,51.40917580699632
936,69.18933328830103
937,20.46150642662589
938,62.96288841588214
939,58.89411747964561
940,61.563140936006
941,42.75819773623991
942,43.423102431214836
943,61.442789567540096
944,29.116615232775516
945,66.7505439106868
946,34.13986255066664
947,59.24214795190462
948,55.394334387743
949,46.84058232791959
950,25.95665639903289
951,49.57008725221279
952,55.97532067514819
953,52.12325334557525
954,41.261613550285574
955,86.89580137339784
956,63.73164612809297
957,43.760875364768225
958,48.79940936925704
959,26.592406659095065
960,34.03702309557927
961,47.20854731446723
962,30.507602274104475
963,69.44176676911354
964,52.03503461614233
965,39.2348355165127
966,33.137491478342426
967,70.12561465034003
968,30.777650985397084
969,27.516327987454023
970,69.24418981276577
971,34.778593816880274
972,32.01005036187687
973,36.75900427775189
974,38.31134321449797
975,34.1534163487106
976,61.930633269821165
977,70.7228912167934
978,67.59061955673245
979,29.043212860485678
980,51.0330796487983
981,36.38771761127467
982,68.63388719382081
983,31.588560421662653
984,52.389601908743266
985,41.806202730499756
986,30.535518661118754
987,75.10882432287829
988,28.525347318030374
989,70.81721493766351
990,39.382243389951135
991,52.6986296899551
992,43.54847544864285
993,28.029159644010868
994,70.87130600334503
995,18.880323647377253
996,48.11112532235751
997,25.11556197381398
998,76.40148731525395
999,32.489312825741
1000,30.2331331251933
1001,58.25731474654331
1002,32.61721006287685
1003,58.15588574963423
1004,60.11187661977937
1005,27.191079114870206
1006,76.95827245263756
1007,32.695318419893034
1008,60.59214695152352
1009,31.690991803343454
1010,77.06082959058973
1011,30.615038618747022
1012,29.609274189500553
1013,74.83943321739405
1014,55.20395675461295
1015,68.27190735976703
1016,37.565096546946215
1017,51.41738090101553
1018,31.379755648287276
1019,74.82009399764424
1020,29.505311771987987
1021,39.59141990429993
1022,42.373602123194146
1023,67.16450293125315
1024,61.44008373560765
1025,26.576499393737905
1026,33.41832724272339
1027,29.915272554308697
1028,26.896223919411806
1029,32.88054655120236
1030,64.93105388873666
1031,34.398254633999876
1032,36.99376931511434
1033,31.890278782430084
1034,32.43722349433362
1035,67.01560527682116
1036,74.42113094302725
1037,67.84506031141495
1038,56.11755007035762
1039,64.15569345957091
1040,59.43742126386347
1041,26.709406139666438
1042,64.43720090597304
1043,72.25278590930698
1044,27.27072293669157
1045,68.97437154417038
1046,22.178606483778903
1047,32.87106916262048
1048,42.29083360503037
1049,33.80314750919002
1050,30.499490615145433
1051,68.08650544212875
1052,42.503186654406136
1053,59.35251487504311
1054,66.52151171168023
1055,37.39047941428949
1056,32.03816444195962
1057,31.3098744713791
1058,51.84700598353825
1059,31.47851172759626
1060,61.03357283649555
1061,51.35134516000452
1062,67.84005992586215
1063,54.87302196026967
1064,39.961503232658
1065,53.82784782303348
1066,54.19847711128035
1067,50.349562236565795
1068,31.199778990175428
1069,35.942254843145975
1070,37.22238544419851
1071,26.38461464334178
1072,38.84490909366293
1073,33.47503560759603
1074,58.423749218192
1075,36.28030767773819
1076,74.82293894129735
1077,39.08695130159757
1078,57.141669337380684
1079,47.81684145863441
1080,36.45003739757813
1081,29.608652215577806
1082,28.79759117205028
1083,77.94850445658713
1084,58.38766639384348
1085,32.20564256045335
1086,35.413067634383516
1087,65.22531451877512
1088,32.18842373547626
1089,39.97161153299018
1090,30.084443273996673
1091,71.01987701848756
1092,64.48407358812933
1093,31.480898013281443
1094,31.643885707234595
1095,76.8665618370054
1096,34.181446896816425
1097,72.6235581040467
1098,71.52634108290272
1099,76.94424190454114
1100,27.07932520271961
1101,27.33419657967325
1102,57.31910314782962
1103,32.87320550577807
1104,66.80798718428694
1105,35.201928974334265
1106,65.68862820611305
1107,60.42598831741625
1108,24.898937389813177
1109,57.716054427768306
1110,48.85286488187836
1111,52.512822285032186
1112,52.46517042400313
1113,34.96959542705629
1114,63.42693599534618
1115,67.59651370149092
1116,51.275007987523104
1117,38.12049377934473
1118,60.58370201871465
1119,42.92485202460739
1120,34.784984949081405
1121,32.420882392739664
1122,28.656822142722877
1123,35.902315574354205
1124,65.99704174615107
1125,24.70136938492303
1126,61.15523263543483
1127,48.09594533016397
1128,40.31996240265726
1129,37.21552814192537
1130,64.21575316142693
1131,78.42177985801212
1132,38.40597357937941
1133,38.89770266449173
1134,62.99527436791381
1135,50.783945404041646
1136,43.44113573565654
1137,52.62828601261028
1138,45.674869868252486
1139,39.73438281206198
1140,49.20577739729994
1141,43.39342406575014
1142,71.0594754669337
1143,27.119450669469387
1144,68.58486954383093
1145,71.48183100801498
1146,34.112774223348204
1147,50.00896198162993
1148,33.63879273731017
1149,67.63939914204136
1150,28.856541270657697
1151,34.0298452227578
1152,27.530717558253244
1153,61.3912476892364
1154,32.722389701182145
1155,36.10467490058841
1156,22.462674328543855
1157,69.15253029710296
1158,67.59762428484677
1159,64.4928629621815
1160,31.86837787933003
1161,60.52942582273306
1162,74.44218282081994
1163,25.921569616252444
1164,76.2991599447588
1165,62.1484586501722
1166,69.78726745390009
1167,71.32556364592271
1168,33.285131648715925
1169,47.56729403021134
1170,25.599103600249656
1171,68.95318333247234
1172,29.69081674549861
1173,62.67623547994069
1174,65.28746277929537
1175,42.39059408830356
1176,54.489945166412696
1177,71.45255814212082
1178,36.63768051708376
1179,31.82392519258349
1180,37.58804543037992
1181,66.79729707662688
1182,51.660657733491334
1183,30.351509479029275
1184,36.68066860198212
1185,39.50045340610024
1186,68.03760344035116
1187,52.95401108450998
1188,23.883742552662014
1189,29.00086873061847
1190,29.748370104146325
1191,59.72628764382228
1192,45.15247395181464
1193,37.3916746018327
1194,40.36010554615519
1195,41.95773845350341
1196,30.200385524325398
1197,72.88534525425592
1198,31.29705572579861
1199,51.953426209698165
1200,67.12505161567348
1201,35.436704791308955
1202,74.67865694400223
1203,56.76626465497497
1204,65.87872144051605
1205,31.244844391266174
1206,34.58224470079155
1207,69.68118242358929
1208,41.4706190709313
1209,66.97925030571669
1210,51.32065510906887
1211,44.08387738220423
1212,86.51904939318929
1213,50.86127698836109
1214,69.61643305333061
1215,60.438632993524465
1216,28.355624023419214
1217,51.74553133576361
1218,32.05379955875923
1219,63.41697416863444
1220,37.37339338994118
1221,42.241586707078106
1222,41.96665329555474
1223,36.59388447402179
1224,31.819898060085666
1225,56.18969391246871
1226,71.19015506513252
1227,61.598548289744016
1228,39.326272478287756
1229,64.75077378548332
1230,43.96807005846786
1231,29.79363283791018
1232,42.78581066117731
1233,61.023160444207214
1234,64.25747668342729
1235,41.176778984717224
1236,77.98311378158255
1237,57.394366958836265
1238,52.9551936285724
1239,32.79933580143783
1240,32.54941597647558
1241,69.43658852904751
1242,35.59241386842579
1243,33.810095219558825
1244,52.09266255101462
1245,46.11988115480525
1246,66.4147951853451
1247,49.49451271836225
1248,75.24660730762977
1249,29.85186195309064
1250,46.4579231366865
1251,27.42201219569529
1252,29.786412335038058
1253,29.72846530116512
1254,76.62714638565068
1255,55.056422674452875
1256,43.38550455452076
1257,72.27771952657213
1258,63.624910227373604
1259,73.92230133916986
1260,56.69885165666344
1261,32.17396914342823
1262,28.281403381472284
1263,78.32434091435286
1264,29.48276794959756
1265,58.86536063151885
1266,30.543876062901813
1267,68.98706292922294
1268,26.416417433779426
1269,67.10617887251757
1270,36.94924544419747
1271,39.20101953984882
1272,43.58891313874628
1273,42.722865880334105
1274,67.83630478636381
1275,68.15768461105978
1276,60.18420105832267
1277,32.044451059504986
1278,42.917070522256054
1279,30.038341457762037
1280,66.12426694672597
1281,59.12795823676807
1282,51.54606565811407
1283,32.28596695370131
1284,70.83467076685075
1285,76.76259679932
1286,37.970116581483495
1287,41.191594907347806
1288,56.05917216522704
1289,56.24741188731368
1290,33.60953323391483
1291,75.55430703010899
1292,52.29957556531412
1293,31.26855820744416
1294,42.09007753634638
1295,67.09493302931646
1296,31.94536940649574
1297,34.27692103386574
1298,36.38655678559002
1299,47.78984618956244
1300,39.98613112447824
1301,76.79419305568726
1302,66.88214443450498
1303,66.42830033317718
1304,65.49393737129093
1305,42.2368541588662
1306,71.06877163882163
1307,25.504798732244275
1308,54.24929733041312
1309,31.742697371360293
1310,49.93657180286373
1311,60.953662700443985
1312,69.62517479043191
1313,34.22990047928257
1314,29.074011772602454
1315,31.0849525221418
1316,29.0721183090723
1317,58.54559123392218
1318,30.718951440352445
1319,36.83745186084414
1320,50.00706519806021
1321,32.3472776426863
1322,70.88521621460826
1323,66.80247697894991
1324,48.397401261840635
1325,65.61929611863492
1326,39.40173935502941
1327,26.929610909801056
1328,75.05450383273478
1329,41.93588890902676
1330,67.73217487005329
1331,49.94870693278319
1332,25.716194551893242
1333,33.96008719112027
1334,74.46149852851308
1335,70.23953668486676
1336,73.57095915580801
1337,32.77174088705663
1338,45.559061730286004
1339,53.92876562591772
1340,27.956262322131153
1341,28.666186745494187
1342,31.378296835837762
1343,31.409420127197105
1344,30.83570400510713
1345,31.390463175546856
1346,52.108556132477794
1347,29.49574187008148
1348,72.40705358515063
1349,63.058770068869904
1350,36.329677097840474
1351,62.06248321945019
1352,32.247181385363994
1353,76.0259273145803
1354,69.4821771448687
1355,30.977318762065423
1356,69.91298032412104
1357,29.837021789095324
1358,30.01901087043764
1359,32.242490905006655
1360,50.94772366637173
1361,66.87670252621287
1362,37.917609584805646
1363,31.54828860760308
1364,26.441535239157766
1365,42.414463100987724
1366,35.85803707036034
1367,31.646401876578313
1368,62.2101840399659
1369,32.67501816922243
1370,33.65657393790117
1371,28.941979377272947
1372,26.22656784837662
1373,71.11601729543943
1374,26.68882722493371
1375,27.440182294853145
1376,72.23485882859683
1377,31.23881685351026
1378,62.62054211726025
1379,30.919608882254106
1380,34.33629629973423
1381,33.73920234010374
1382,34.032085035407555
1383,33.069893822111574
1384,71.2016737052546
1385,76.87343770499218
1386,72.59527601417695
1387,41.283526094831
1388,32.71211989622629
1389,33.505236725597115
1390,74.69502383906182
1391,30.77232373781779
1392,70.76859643643682
1393,67.08186609123135
1394,36.91295222245776
1395,56.73698673306135
1396,33.25305670615264
1397,34.85583958702919
1398,56.889374955584195
1399,40.058695642649035
1400,28.319209797494032
1401,46.53280790545685
1402,26.107742526042237
1403,28.93050175034977
1404,67.50872458836785
1405,78.33962470275445
1406,35.27376715459715
1407,36.1728828578596
1408,57.02477205845652
1409,59.88831244981163
1410,33.010994069668705
1411,35.82712289960489
1412,76.78179195395275
1413,47.64347333332531
1414,60.62352427196195
1415,74.97220954883275
1416,77.7709949993268
1417,28.675262528616585
1418,64.4561348485844
1419,77.19340254949759
1420,62.89765960486522
1421,70.53557845652857
1422,77.39040319599061
1423,47.35603621717356
1424,33.142091008086716
1425,33.76331983728156
1426,39.75894571333978
1427,62.31981347471884
1428,66.24339854952
1429,37.08606423894446
1430,73.43124666886061
1431,26.047343612229632
1432,24.38336531451121
1433,71.14173508588723
1434,58.80617152337793
1435,50.135947751342904
1436,28.308115047000477
1437,32.27714644782861
1438,84.23091608008708
1439,60.68217374386122
1440,65.33857563860106
1441,34.72843481336689
1442,40.39231009060357
1443,26.297162717282156
1444,38.66069972693443
1445,31.36384939435045
1446,37.336476402072414
1447,73.17063546844054
1448,66.79087435345483
1449,46.323163117385576
1450,52.5690597976052
1451,39.68671231672086
1452,32.961517833830044
1453,62.88987594623473
1454,42.70475379073504
1455,75.17703294851432
1456,68.43014513572129
1457,70.66708803827507
1458,43.15162348196043
1459,61.536708329880106
1460,32.39953532410722
1461,68.24861345794125
1462,67.50480041218444
1463,39.53946413753388
1464,47.472847686593305
1465,35.96196615947973
1466,51.55454821870577
1467,43.689132261534844
1468,42.568222848668995
1469,36.57099188689169
1470,34.56278486825865
1471,35.01833243089416
1472,29.537284911227044
1473,74.78892310852318
1474,44.81744196106492
1475,49.10374893518777
1476,39.48745550966058
1477,51.36743378867322
1478,67.48132531807855
1479,44.959026116065324
1480,45.22123130278889
1481,48.34022511187474
1482,27.204644575874497
1483,46.65066607302618
1484,36.42015675099108
1485,44.7964095537596
1486,56.41686067050985
1487,29.83390059435634
1488,28.751295581725714
1489,30.281320807141864
1490,33.25912957891366
1491,59.65459800048679
1492,46.299335282511144
1493,74.90792452709003
1494,51.35298104398326
1495,64.97831915392844
1496,65.90379135818333
1497,25.83416245341831
1498,62.35069237043122
1499,62.453276141049194
1500,72.3505930123443
1501,40.021891677466755
1502,65.39113574775145
1503,54.88284462130642
1504,69.98711690373486
1505,29.29308806340909
1506,71.90704013964194
1507,32.7744153479548
1508,41.840155603508784
1509,34.96632729167523
1510,51.7722265722293
1511,69.52160471203989
1512,55.806128375031875
1513,33.016268670068015
1514,34.41997262646666
1515,71.19578665776163
1516,69.19111173679579
1517,34.26493572818639
1518,70.28245253679994
1519,36.15392151550156
1520,36.170983880222956
1521,46.42838804970274
1522,58.191421512861716
1523,36.813895070176635
1524,40.85484377784998
1525,32.65966118405088
1526,48.67937871864307
1527,31.90488100217455
1528,31.030517172970203
1529,28.533759037182794
1530,67.71061471286382
1531,69.19149979233363
1532,73.23287857452475
1533,52.107490140494214
1534,52.97283337267042
1535,44.01861662809203
1536,55.07789274230176
1537,51.66183890818604
1538,31.63435548404158
1539,48.73910591575982
1540,66.96558135042076
1541,52.85378179019006
1542,89.15807274339146
1543,75.98786991344443
1544,57.36751065981221
1545,34.127911978936886
1546,45.45992583039286
1547,61.81374157647561
1548,71.8860368900914
1549,39.272866747130756
1550,26.6439233882141
1551,27.203735979521433
1552,53.67278891850635
1553,66.29289832665799
1554,64.83757989819371
1555,37.65365926061265
1556,34.68351932368289
1557,34.272886987170885
1558,77.30033577863593
1559,60.52346295984544
1560,68.44218468708968
1561,46.397897343104496
1562,69.54723838382809
1563,43.14712321008454
1564,63.742158504511075
1565,35.22742111054029
1566,30.677865817708316
1567,67.6747395638558
1568,39.44360290593425
1569,33.99902025829913
1570,25.78235541722017
1571,29.866764038290924
1572,53.239781418910404
1573,31.52579168933128
1574,78.1304387982378
1575,71.40075260935497
1576,64.32566457948504
1577,33.039376013688674
1578,69.67240082919331
1579,49.73856826792277
1580,67.02149513900727
1581,31.205810094740368
1582,51.894595158308825
1583,48.758623638211624
1584,60.51149826276747
1585,76.49112060126247
1586,28.174146400971363
1587,33.80391429342267
1588,32.09389283160232
1589,40.72596126295353
1590,68.0246643855742
1591,43.864641253124
1592,28.686461378816418
1593,75.546415823795
1594,70.5107765758885
1595,44.0498444598664
1596,34.98090937002756
1597,61.36004778632267
1598,52.398689350764286
1599,28.804713073131467
1600,33.39347692906661
1601,72.79147436763374
1602,26.95765104805573
1603,54.00358943672483
1604,42.485043798363165
1605,35.675978348387076
1606,57.03135270268491
1607,76.13921861272483
1608,39.26050105119971
1609,46.753464126434295
1610,69.53120734403039
1611,39.56178130038878
1612,54.85265334465092
1613,29.666215308328148
1614,47.092460790883656
1615,71.85972937302239
1616,41.80546913405484
1617,54.84428820391584
1618,51.53587490753235
1619,36.25615500642537
1620,28.51888860578536
1621,46.57860619665927
1622,62.268223681675195
1623,66.43523696068091
1624,74.63709517793738
1625,68.73923113085155
1626,39.718511439980986
1627,47.78182345346563
1628,28.364041550731425
1629,26.53496001575402
1630,44.04923880011366
1631,69.68338978529479
1632,69.24043141736774
1633,37.30822257000572
1634,41.89322006476929
1635,32.57888397934993
1636,41.52602423309043
1637,41.024699600974564
1638,41.41765392537793
1639,34.82198586508421
1640,41.58248181760866
1641,43.13876256095122
1642,44.734558908633296
1643,61.74176780453811
1644,42.216350628424216
1645,57.11798809404549
1646,67.82054469135322
1647,75.01616233740961
1648,19.22361098030405
1649,62.87622227733397
1650,30.198938231433317
1651,46.70951326390422
1652,42.25705913716526
1653,68.54090548519558
1654,33.83660835019929
1655,51.25280394171565
1656,51.36855851116434
1657,68.95203137314587
1658,75.04885539022985
1659,57.76308553554604
1660,56.37712761682659
1661,28.47985010372452
1662,67.98478006343571
1663,27.35404611255312
1664,73.86501401690609
1665,26.5702564675287
1666,45.8356264640847
1667,56.922435800775425
1668,72.03160546934105
1669,32.48962041166541
1670,50.30180467919293
1671,53.920307882288355
1672,69.93131393935252
1673,38.931826522031784
1674,49.13335404493651
1675,69.83058325104527
1676,71.42083044450621
1677,65.63213278485392
1678,75.703892329937
1679,38.40208044907156
1680,33.850978260538874
1681,53.700681563141075
1682,58.34309008352627
1683,69.55451867747621
1684,63.82952698981318
1685,39.07828455777065
1686,43.09729316348076
1687,27.070828143350912
1688,72.06354586686965
1689,61.824408361313886
1690,53.22595704262607
1691,68.70356122301521
1692,39.700653484354085
1693,45.22049587441935
1694,69.8510601649992
1695,36.409811560043934
1696,48.619546919764154
1697,34.7174076261174
1698,75.09898529173014
1699,67.53400505492682
1700,30.565506132312823
1701,55.11203375152963
1702,28.31000315500984
1703,27.234440035883296
1704,29.56128620840358
1705,33.76126715681522
1706,63.869109290479365
1707,60.4098589115008
1708,27.958733456875642
1709,59.548386592614946
1710,59.4222443240899
1711,67.97423989038927
1712,36.822180245851875
1713,32.689850378168074
1714,51.955052805890006
1715,38.57579110165023
1716,60.31152107570266
1717,41.4966837754256
1718,47.384695143700256
1719,36.35146821962987
1720,41.3388724317754
1721,31.33230559732161
1722,24.783770787367573
1723,51.77941157302405
1724,43.06996238622772
1725,71.00844734917354
1726,69.80716623898292
1727,37.219176530355135
1728,51.64126881977035
1729,67.8542231497193
1730,46.808822107760484
1731,29.488258549776592
1732,41.16864543347006
1733,71.58089515865875
1734,39.674716686233054
1735,54.24345285664642
1736,29.74010277118054
1737,56.02059985616058
1738,28.243580961850153
1739,47.88936336189251
1740,33.40288562961151
1741,27.9367025534954
1742,35.91601584913924
1743,31.98476919131439
1744,80.20528266800197
1745,59.06437767945171
1746,49.23684729219885
1747,71.51147479109181
1748,75.74742184624465
1749,23.001342468965845
1750,43.70487556714847
1751,43.127077859715136
1752,32.936933019595166
1753,52.45996955522254
1754,73.56719575467082
1755,75.38430026316485
1756,59.15413536452158
1757,26.552656615861885
1758,31.813128375951965
1759,76.11757422044619
1760,31.86371220968807
1761,29.18194323265849
1762,59.58326184895338
1763,69.42739249247536
1764,48.46955465300427
1765,32.17098236027398
1766,70.9764400261622
1767,29.379762077409417
1768,72.96500306491203
1769,65.5691139131928
1770,74.41133439826353
1771,36.207584848144364
1772,70.21234272736184
1773,28.063470532970445
1774,25.504296753229948
1775,35.91262999886957
1776,30.3726421817124
1777,29.30739934759354
1778,37.85414833688883
1779,50.64199265101949
1780,35.997438701775025
1781,29.948896096378764
1782,68.625910510954
1783,28.733805425669637
1784,71.03934216436728
1785,61.97250003723782
1786,33.790216870231134
1787,60.60487486984136
1788,71.41983868579496
1789,34.504144817882846
1790,43.09218740436239
1791,51.95286319379435
1792,36.8975599481474
1793,32.81470764441469
1794,67.35424061264288
1795,64.74946849993678
1796,71.25558189195138
1797,34.24330574573536
1798,71.25902496883408
1799,32.631564211415686
1800,30.037711140114386
1801,47.587526117145885
1802,56.12679990919309
1803,37.34421672758552
1804,33.78106362622542
1805,69.03620985215353
1806,27.5166601800295
1807,33.74299576533947
1808,49.07159618027216
1809,78.72761998402802
1810,48.036126272667886
1811,24.753777446149723
1812,47.28371083580213
1813,48.74785216516842
1814,40.16315108031728
1815,26.032624059816005
1816,57.48201898921283
1817,36.73526806002867
1818,33.93267924581599
1819,28.308814525127193
1820,64.83326009047174
1821,63.62820620002631
1822,74.94150762270279
1823,41.46992327322659
1824,41.63099167709618
1825,28.132461676485185
1826,28.860860816992492
1827,25.80163234171925
1828,46.18195626901298
1829,71.9959813864723
1830,27.07073810986743
1831,24.75358986190119
1832,42.37782874186678
1833,40.79905132182526
1834,67.15614851395767
1835,36.09963753502847
1836,34.47131852948186
1837,75.74789831437236
1838,66.00701826157646
1839,40.91226129780197
1840,31.490919704504936
1841,29.507927885354583
1842,36.637600892744345
1843,39.87767072621207
1844,52.90015268732727
1845,63.96961442526273
1846,30.389931287776424
1847,57.008556360577515
1848,60.06555774124958
1849,49.86598640253615
1850,35.04334169203888
1851,66.37352549010157
1852,67.62124122145686
1853,33.50942385564527
1854,60.38950878910857
1855,35.436936436609216
1856,67.62268292946636
1857,31.38045054957575
1858,36.65192840851868
1859,45.40533381668017
1860,31.156208986384744
1861,69.27326165755986
1862,42.93095762559489
1863,59.98149575526492
1864,50.967300962866545
1865,68.97739406034293
1866,66.86346140734602
1867,65.71772913188198
1868,70.90328826877766
1869,32.06908294104646
1870,59.968950758877995
1871,24.284410534227774
1872,38.10020368232539
1873,73.1673242410419
1874,32.78861935558778
1875,37.97884261644447
1876,50.742636672187814
1877,28.573594145418262
1878,35.092031390669874
1879,46.665996021542604
1880,71.21485546679165
1881,44.381939960828646
1882,30.18634573181914
1883,34.31231488981617
1884,61.85529811877783
1885,41.179407540992784
1886,54.58982731318529
1887,29.072147734876967
1888,33.232198199582186
1889,32.108703818315284
1890,60.83232855288205
1891,60.75087531934825
1892,73.77038288501562
1893,33.30512271913868
1894,56.82045562136971
1895,27.2394882576131
1896,66.52821170462349
1897,34.23567935557953
1898,30.595817708874915
1899,32.892975257162284
1900,30.175050668833325
1901,34.64099669471546
1902,25.172897507310292
1903,72.86369963018069
1904,22.5234078495359
1905,38.2025878083206
1906,42.4703232854552
1907,67.78982932133387
1908,41.8897648442047
1909,28.508323942212293
1910,66.75078269785153
1911,55.470055758353816
1912,47.21745045367441
1913,59.149517031157195
1914,31.72390212358334
1915,77.8406366190015
1916,57.250902676609655
1917,51.19607976119692
1918,31.93317290025217
1919,27.44648197231477
1920,65.90458140951901
1921,77.69964881156135
1922,64.37587987532649
1923,27.300282515149217
1924,40.87976514679438
1925,62.3195959227125
1926,75.97621447130285
1927,31.6589678218055
1928,51.808994835242714
1929,32.33711011509793
1930,40.964211317893636
1931,48.67587365410899
1932,35.624411381206244
1933,29.621142687709337
1934,30.336058992814927
1935,29.865235927465758
1936,76.19884379600664
1937,27.49874992099267
1938,52.9901548527125
1939,62.70132943903985
1940,79.397054543974
1941,78.07832692269953
1942,40.40638096197782
1943,28.99669394475826
1944,35.524522674398675
1945,32.42764412915513
1946,33.77287444974066
1947,52.58209618354934
1948,56.00339168433571
1949,72.52931423865587
1950,29.780743628889123
1951,35.54619191434049
1952,23.26336966443765
1953,41.3568086703024
1954,69.6567715538979
1955,32.95502396177627
1956,32.85758557851265
1957,81.77817171163728
1958,33.172403285004954
1959,39.237709945892334
1960,27.573646383555594
1961,37.83264897195125
1962,66.18472299006788
1963,68.24745562244776
1964,26.680883261626064
1965,71.89488261811726
1966,29.529329396010016
1967,48.13162590567656
1968,34.634310899241804
1969,27.4864444305949
1970,37.45881638434859
1971,53.20344449518511
1972,62.18482328377597
1973,41.39097561269454
1974,51.92645373997822
1975,58.618156431332594
1976,36.389455218449015
1977,28.71996118517339
1978,54.28250146932541
1979,71.14038490285262
1980,51.904228979687616
1981,21.59576732345163
1982,65.30811065450257
1983,29.714579678863355
1984,32.93995534078436
1985,30.573326644141396
1986,48.46937310034556
1987,30.936894353673093
1988,31.61053324288248
1989,50.139912012186194
1990,38.141796941793515
1991,37.66860981605195
1992,32.19766786921325
1993,53.1142223223541
1994,54.65039994255855
1995,40.18318274235932
1996,72.22936650395643
1997,75.07131074502308
1998,28.81780294626107
1999,51.06793650780675
2000,59.679347112639164
2001,34.111025158590515
2002,69.52581076225393
2003,62.67264964018802
2004,43.80006397750574
2005,43.83567976619913
2006,75.67071490033209
2007,42.43374701795948
2008,36.54229666512731
2009,53.753784706145844
2010,30.666238844052653
2011,36.96779228334456
2012,37.48935630527751
2013,74.26097454607435
2014,62.16833707666648
2015,62.6376035032812
2016,73.80753980822894
2017,29.53843628748677
2018,63.52355508861692
2019,58.592944861824584
2020,27.09664897662904
2021,73.7908648784192
2022,65.18067484556343
2023,53.71211681561313
2024,73.71181008668431
2025,74.0008966641203
2026,37.78830693412347
2027,28.871762112247104
2028,31.665965543379887
2029,27.787856614113476
2030,35.19429611811256
2031,43.439265526050995
2032,73.07305712049735
2033,46.43001711266836
2034,59.53328837166025
2035,35.4466856689205
2036,32.687408995576895
2037,63.47658007018157
2038,49.5247456859796
2039,66.86289322644788
2040,59.245226981801295
2041,38.701232586804196
2042,68.90618588738249
2043,71.34017151654902
2044,31.197095369385618
2045,36.21380860349957
2046,86.24074934009451
2047,35.03823758647892
2048,36.80224277346494
2049,69.23080160941468
2050,41.90110073299782
2051,42.70411571974146
2052,37.20357244768925
2053,38.79584021201084
2054,70.63492415799877
2055,53.7403865901093
2056,66.94086347386583
2057,42.131116015879265
2058,26.16049917581215
2059,52.10759356250718
2060,61.915505600618616
2061,59.60285016468715
2062,68.73905150446036
2063,73.0622341116298
2064,70.4260142940044
2065,77.35887202854722
2066,68.56223480664863
2067,63.119167561056535
2068,31.859609282454326
2069,34.7300909947422
2070,66.55690491815814
2071,49.755027772986764
2072,63.62143667228765
2073,33.221375654070265
2074,70.62576571088782
2075,45.43938615753717
2076,31.652745254735454
2077,32.11928238858611
2078,79.16542292430657
2079,34.26877214575136
2080,68.31891832958226
2081,46.36840882668402
2082,30.92482654417474
2083,31.846050845444292
2084,65.04553072896023
2085,47.97994219698101
2086,68.80110129448514
2087,26.560306971639523
2088,56.136568168075094
2089,56.933992567754345
2090,67.23802906453186
2091,32.04785360064502
2092,42.52633191351327
2093,30.884988394393414
2094,31.883403746729545
2095,34.711438757973085
2096,77.11148025780918
2097,27.519283547689703
2098,29.56488530027253
2099,27.335521892690267
2100,29.178176996824707
2101,50.98232070417152
2102,31.6422333856021
2103,35.148903790403274
2104,71.3249663782457
2105,40.64443810310918
2106,58.053448629128184
2107,44.96190527643235
2108,44.13170947704653
2109,62.02167955690434
2110,39.70306049197627
2111,28.542788756998945
2112,30.418018001225654
2113,79.51886068153541
2114,54.750469849711585
2115,24.282721521759836
2116,48.349609860508345
2117,55.42283148538296
2118,65.87789475808896
2119,37.0916246329614
2120,50.47638165850573
2121,33.02826624911019
2122,32.870755686207296
2123,35.20467290260457
2124,63.863170439865875
2125,43.11243418868088
2126,27.06090580734052
2127,68.43171399524499
2128,35.77728101171392
2129,68.51260475771952
2130,62.85546890352635
2131,47.741660476029864
2132,34.41292006236659
2133,69.7201283402722
2134,28.878413004142015
2135,33.62642015050892
2136,47.19913079840282
2137,58.380450583707855
2138,58.26680987599233
2139,74.4352071204528
2140,30.032905105631123
2141,32.1638444345816
2142,30.813244096984665
2143,45.277982765330975
2144,62.97172521273256
2145,31.839744307856524
2146,72.31760240857223
2147,35.49285596486127
2148,65.43362379937703
2149,67.97623590700465
2150,46.76415987317494
2151,49.07212438752143
2152,57.552720540520575
2153,73.29490185036663
2154,75.88404434384788
2155,54.92882527892593
2156,52.161430495370574
2157,45.03483118533686
2158,71.89814986532451
2159,66.01898513340942
2160,32.24285370775394
2161,33.52824309189667
2162,33.54751887477365
2163,74.29525462108809
2164,40.07378655286199
2165,46.879090939388014
2166,37.372823292903306
2167,38.97414816834103
2168,54.53719954236279
2169,31.23339759849867
2170,30.824235079139807
2171,68.84683423096192
2172,51.584130372507
2173,33.23760533701936
2174,41.75382594454838
2175,40.71123687009953
2176,68.39487773509441
2177,51.13542693162073
2178,69.24496550821883
2179,30.049985446280612
2180,29.975482648302094
2181,54.02847157604291
2182,39.851102050273994
2183,40.21689658776764
2184,65.59922144634864
2185,38.97519769864598
2186,33.02297213399713
2187,62.7193690617758
2188,34.547503923564484
2189,29.7236833152703
2190,70.98025315610555
2191,53.07719005224523
2192,30.49685655836805
2193,64.12028241758487
2194,54.89606967402037
2195,48.152637458184145
2196,49.45606935783743
2197,38.931889125912456
2198,27.63409979160363
2199,70.94901195715931
2200,28.18403676159017
2201,29.27544039850358
2202,68.50410041739188
2203,76.94928878668372
2204,30.358384548656844
2205,44.55897996376164
2206,31.882772688074244
2207,27.46158493694208
2208,74.23612836135646
2209,34.243179271193235
2210,70.28197082065067
2211,71.85587038582001
2212,38.43076832909293
2213,29.435015177020457
2214,42.0822616783781
2215,39.55735809169195
2216,31.70287976994265
2217,49.98051343067149
2218,70.61268958437662
2219,30.541298997625713
2220,77.42324257139327
2221,31.385511184381794
2222,31.57090818084441
2223,22.62939619743023
2224,66.79745477818642
2225,33.39995215107231
2226,29.64359113428387
2227,42.89904446524327
2228,32.891365795866164
2229,22.351434715389217
2230,67.92977016682399
2231,65.14730517097061
2232,71.35432425904982
2233,30.4298071581637
2234,52.75568090675413
2235,43.736953653521475
2236,57.29797934656208
2237,49.58299541442205
2238,40.75098427226351
2239,39.85579929066854
2240,45.35748141158964
2241,70.05774332394363
2242,30.778334286977483
2243,54.769924603676245
2244,68.71578263383331
2245,71.26064296107118
2246,57.14902569995526
2247,42.27522483972058
2248,27.6210574059614
2249,66.14070512726049
2250,29.09091258091163
2251,30.186365119548867
2252,34.32156339755851
2253,27.576692347406276
2254,62.807699974328536
2255,73.44107532379454
2256,29.423242100997832
2257,33.94301827241576
2258,35.60502451355786
2259,58.062174655977095
2260,50.0227319113928
2261,53.535106359584496
2262,70.40850879544034
2263,53.871643649495674
2264,36.92797994182181
2265,67.93534358374242
2266,61.154068840820855
2267,30.49381264928174
2268,30.730123908610334
2269,30.998449800211162
2270,39.14025256577372
2271,69.26861562394359
2272,43.04806906833041
2273,28.875689060133016
2274,32.57055742798526
2275,35.750071907221155
2276,48.54813620172508
2277,35.15333567802429
2278,40.64998858713875
2279,64.50063938379883
2280,70.96250567464975
2281,42.06033230840812
2282,67.35804599395004
2283,31.627018137650698
2284,33.66015957586631
2285,45.734631039961066
2286,51.34579975395346
2287,30.79045040527126
2288,76.31867826790507
2289,68.5872607198173
2290,24.263921900967897
2291,74.73210752025071
2292,33.844743154419916
2293,35.033541832375604
2294,65.73904254216755
2295,41.269451593688885
2296,32.68669209862011
2297,29.652329178968916
2298,35.36871518853959
2299,31.725992574269082
2300,64.25788862561352
2301,67.30599484182002
2302,70.95418639006039
2303,45.125367006815374
2304,33.62108710795992
2305,48.05259661494051
2306,35.14784356369732
2307,25.656725873425255
2308,33.35852561409789
2309,34.29513454536494
2310,34.1780881922751
2311,64.33548714084434
2312,56.18710007150749
2313,35.52467481794059
2314,45.97431647945274
2315,65.79764965380375
2316,45.53302432217583
2317,34.01461928926289
2318,68.63784903881039
2319,69.04309391827518
2320,48.02370380416245
2321,32.58816702757097
2322,36.753371005449786
2323,56.327059954144694
2324,62.3269141077614
2325,47.55580691998802
2326,28.527680862252527
2327,26.533495501291632
2328,71.47488438012765
2329,66.43513030893871
2330,65.92027405387132
2331,32.336474450982955
2332,36.40970532706273
2333,76.40947957674705
2334,39.35893169438329
2335,28.08046457909853
2336,42.10405638085512
2337,28.513614101791653
2338,26.572441205161358
2339,69.87182561392994
2340,30.607267555851156
2341,33.59433390864975
2342,69.34644989209738
2343,58.61149776961157
2344,62.38160481963688
2345,49.175518420850544
2346,53.731412439153274
2347,27.493767957181635
2348,30.507074438158046
2349,59.24142677889455
2350,27.022018329754726
2351,70.79697433203917
2352,32.17469164235957
2353,31.565883765375098
2354,37.51459109102374
2355,72.1021655047988
2356,54.78254122291293
2357,35.21860102254575
2358,67.45044296675441
2359,25.915035841704572
2360,30.192656399729305
2361,29.14361003095969
2362,58.19036955123575
2363,28.53312942269855
2364,27.069363409028
2365,25.861560337780165
2366,59.149337769078286
2367,56.245908746701446
2368,77.81121466231032
2369,32.88469955585956
2370,68.63274365429072
2371,38.016338876848494
2372,33.2453700684206
2373,78.37290606053902
2374,64.77707542873851
2375,51.671912716659946
2376,26.937691889828372
2377,28.7541420901007
2378,40.90604760694908
2379,73.61281260025461
2380,74.89750735935861
2381,17.78352871071994
2382,35.52355897884331
2383,37.718627400223056
2384,39.49135769809132
2385,64.00386092286305
2386,73.1936080313985
2387,33.28568476097519
2388,37.26332776805777
2389,41.96411362551241
2390,42.41892779014484
2391,59.40997633101584
2392,68.14871945727536
2393,37.645230005003874
2394,64.45017708671374
2395,52.71352709373663
2396,43.973554166230585
2397,26.50152204121856
2398,33.83020071107839
2399,51.44283825709774
2400,29.599867816998383
2401,34.64374572959303
2402,69.46116155840338
2403,61.19694408982964
2404,51.386873547553385
2405,64.19830459152767
2406,33.430957524324654
2407,66.4079704570382
2408,65.06169923054178
2409,40.431435966744935
2410,71.68600305361907
2411,52.02863581497673
2412,30.190639585702154
2413,29.970744018687554
2414,34.17792770620599
2415,31.172676944747252
2416,44.14589778713289
2417,27.30872452747103
2418,69.98259945720955
2419,53.821244587082965
2420,46.37071539714449
2421,72.2165145219186
2422,30.166959926823008
2423,63.41061059410881
2424,72.9086790336121
2425,69.88104918964329
2426,51.192496176110474
2427,38.995661174757196
2428,53.059649000347804
2429,45.97114250287148
2430,48.38544837850566
2431,95.11311974275368
2432,90.05599702155308
2433,32.282402240762174
2434,38.85354342602489
2435,44.044371887351204
2436,58.26209682231686
2437,29.39084957206888
2438,74.50048787285886
2439,58.870624697739395
2440,25.6597111418621
2441,61.11621418394136
2442,35.08492349498319
2443,37.49659656064549
2444,40.28937628175468
2445,30.423257642088146
2446,72.393569631127
2447,71.53145730128912
2448,33.23066658158908
2449,57.36673738747045
2450,24.85773992838177
2451,36.81306165997236
2452,68.07777577096793
2453,26.698492735732795
2454,46.08868236853977
2455,26.899788197648107
2456,52.93930553010369
2457,36.07621409757817
2458,53.49298239024334
2459,36.859573991551585
2460,43.12551184711317
2461,71.74853976642397
2462,50.896309785510624
2463,53.13941600495116
2464,48.33511679223312
2465,33.65570640522935
2466,73.24498304463933
2467,31.249716590142373
2468,60.84658912783562
2469,74.00869319730832
2470,78.81472885444917
2471,68.56501009544577
2472,28.93107228384769
2473,25.753316402746435
2474,31.822106807517773
2475,63.57843900509773
2476,28.261542575555424
2477,69.19654575142945
2478,67.04285027428197
2479,28.5298045647512
2480,16.218778897274333
2481,71.98398209175355
2482,29.030324478904447
2483,31.11297187335205
2484,28.860551023133603
2485,28.897228514278087
2486,62.72540074781731
2487,43.05650728759982
2488,63.71804688137667
2489,36.68286869541243
2490,31.212679917166685
2491,52.31419583892258
2492,40.510438088057086
2493,74.53635363587607
2494,54.01681778316277
2495,58.462641255802076
2496,42.17356588787241
2497,73.41353296917872
2498,48.3855126257263
2499,33.12265041879307
2500,42.351199336047564
2501,40.675863096640285
2502,34.23921365899826
2503,26.70792104074976
2504,61.70532961745523
2505,75.71257201758466
2506,68.93367691458575
2507,28.326615614543854
2508,43.443152386979314
2509,59.931264111718846
2510,72.77141661337201
2511,24.5450443846037
2512,55.47170717569078
2513,31.356369745863084
2514,31.283699657143867
2515,27.62945480707761
2516,75.4148406455029
2517,55.88496888907985
2518,70.84652148500656
2519,56.51188845530587
2520,39.36926376101937
2521,40.22025231493069
2522,34.83201768108581
2523,33.080491587740816
2524,75.04168351513803
2525,34.633166179518916
2526,27.714729628025616
2527,28.13475640805945
2528,70.86847654400064
2529,41.87941919593097
2530,72.67222842680339
2531,66.4663970744342
2532,36.86039413863676
2533,73.11146517299959
2534,31.32177084129353
2535,37.990061709628485
2536,30.35036228635602
2537,29.204335723429192
2538,35.18445638750662
2539,30.710347098898833
2540,29.829116734242174
2541,51.08948632154506
2542,27.556194446341653
2543,27.273698843279547
2544,29.003116029351684
2545,70.93794569379993
2546,24.443464155838512
2547,78.78799396772622
2548,59.15385731193263
2549,28.90021945663213
2550,44.013998628297514
2551,33.41459367899382
2552,35.92942208958605
2553,35.42691426814521
2554,34.99998586676243
2555,82.20812370324224
2556,38.08849825511427
2557,72.14442131567301
2558,67.83358424294872
2559,57.861818925890766
2560,69.54090182054527
2561,35.563962724362725
2562,55.51061063806572
2563,71.86383110332234
2564,22.471912912476515
2565,65.79702649926367
2566,38.60128162245294
2567,33.23673385927542
2568,32.748086100790616
2569,35.42192761383377
2570,30.96933610985027
2571,36.55238504995917
2572,68.15965087190641
2573,53.071344444114956
2574,68.48449905209459
2575,57.07062200262273
2576,31.639528887490638
2577,66.23341461538061
2578,66.43375065497771
2579,27.460499295182824
2580,30.8319831717452
2581,32.652661734460786
2582,27.24797972444225
2583,54.412413478273216
2584,73.87033381133134
2585,48.171627739772724
2586,65.47113424090456
2587,83.83103850470522
2588,70.71537030511276
2589,51.32949231049357
2590,28.25877615107761
2591,63.8059323319821
2592,27.214039148544916
2593,73.82810517540295
2594,68.10327255810041
2595,55.48910829725669
2596,54.163433928862666
2597,56.26400273885332
2598,42.05369355846707
2599,29.973919230699174
2600,43.37630143223615
2601,30.911798294863328
2602,23.407921846492695
2603,58.09906812489803
2604,35.850624770388826
2605,30.51870640094241
2606,59.63922972229569
2607,68.9438228893616
2608,50.11825703106019
2609,67.81175813990241
2610,37.77172547489044
2611,59.678496329303414
2612,71.11521145100151
2613,40.02654384055376
2614,46.05907687477561
2615,28.71176934979498
2616,30.241880846923014
2617,19.694738780963366
2618,72.85300692707968
2619,53.09691782574189
2620,55.38920663260956
2621,71.86530512551211
2622,60.38087757876608
2623,69.4152039065282
2624,45.95699823513189
2625,31.017627379795346
2626,31.243268093001696
2627,28.868426795518346
2628,68.42823692191881
2629,31.770016161342813
2630,37.6278002645269
2631,30.015187312110086
2632,67.17681944976991
2633,28.73774652969917
2634,49.54289480361801
2635,72.39498316148693
2636,59.48396284532037
2637,63.663716763209905
2638,30.650977764764193
2639,35.030797930849744
2640,63.95802229985016
2641,30.20999614094575
2642,39.01188199642431
2643,44.41533011685022
2644,75.45727596296888
2645,30.292561023133043
2646,66.1717378365225
2647,41.05130739831968
2648,63.640782985228626
2649,31.449918631698214
2650,63.11454320376
2651,31.826598013461574
2652,31.808672286973664
2653,28.99371019867902
2654,29.362307618104186
2655,64.2754041917866
2656,68.510851699538
2657,59.51953431939801
2658,61.97837804200139
2659,33.35475117517057
2660,29.48784529460121
2661,22.141315218200177
2662,53.46545907411284
2663,67.15380869797619
2664,72.64047842921879
2665,52.29302321694455
2666,69.23599298043385
2667,36.20754905057794
2668,40.82051233547978
2669,41.352271225978605
2670,34.88207632921213
2671,52.63167843273678
2672,55.165467976148136
2673,31.117377397436133
2674,71.17807262147802
2675,46.77187970963773
2676,44.44910127283893
2677,75.81735587031703
2678,37.694699061416564
2679,68.1722675688983
2680,26.349709287644743
2681,53.26071745729103
2682,34.03981884070479
2683,29.76508161495658
2684,64.79117943819546
2685,72.49541234519883
2686,36.694795893643686
2687,35.01885718781258
2688,32.26756530321865
2689,70.12180295998833
2690,66.17225528941792
2691,36.10100405615172
2692,34.47619810785762
2693,36.5593704207334
2694,55.907430656120646
2695,28.6999059484468
2696,67.04066544141561
2697,51.6064224148053
2698,74.5635320535659
2699,40.58858265089099
2700,31.06751615881386
2701,30.27273603059929
2702,52.46197453534494
2703,57.91378991535102
2704,83.83512505184585
2705,92.82496311670786
2706,51.47826247630208
2707,71.9352788890926
2708,31.79202605867631
2709,31.886611246726748
2710,63.602389411038004
2711,34.15360558551565
2712,40.006804140647496
2713,48.614039444260754
2714,66.42450379914158
2715,71.93369879045116
2716,66.151408699178
2717,26.743384435498143
2718,44.7231665772765
2719,25.37849601849953
2720,31.68965083957305
2721,32.677143631997545
2722,66.0871798467829
2723,30.696004614032315
2724,74.14052457146421
2725,38.92133333700747
2726,71.08852287865938
2727,24.616709578243654
2728,52.87986938129158
2729,47.18122655681118
2730,30.935258832554407
2731,34.170924318381225
2732,42.64735995939617
2733,38.98959987158841
2734,31.481793429179792
2735,71.58782115686346
2736,69.7152160564911
2737,43.509944764296776
2738,25.984546965524558
2739,69.86543350045912
2740,66.820799513231
2741,27.548790525159625
2742,45.50993575210507
2743,42.161545729350834
2744,48.847784905459726
2745,50.30318108669794
2746,50.394640791358945
2747,75.31175883392122
2748,57.14914690809881
2749,48.93772638786747
2750,47.03574330238858
2751,71.56481765668705
2752,55.784163038302694
2753,40.91874452121616
2754,34.19703511592438
2755,60.64922459031213
2756,25.885344687218584
2757,72.48234141452542
2758,72.81773303125655
2759,34.849608878315635
2760,36.92633659526179
2761,31.835018904275657
2762,44.139959103690344
2763,28.635127342195087
2764,70.24730118561465
2765,70.82577454659652
2766,71.6762023842456
2767,73.30693284755762
2768,63.036768346465614
2769,33.17168992226529
2770,26.159939890069992
2771,33.26267079480195
2772,53.17444125111894
2773,71.52213571408984
2774,37.447474953817895
2775,36.3062149302622
2776,66.17595460870639
2777,35.396662809503034
2778,36.41118649205091
2779,68.21413610514959
2780,32.79463808789195
2781,70.91011888307553
2782,34.62702108127407
2783,73.65867942424218
2784,63.3054311937258
2785,37.711759231103564
2786,73.63157698266738
2787,68.5353281673745
2788,40.535946886608365
2789,74.20244972370747
2790,71.86864670521332
2791,45.99272405319932
2792,36.43551359961419
2793,44.021041854071946
2794,66.94935116469718
2795,35.43057016670212
2796,37.3100194353134
2797,29.61265146958457
2798,27.63251089367872
2799,74.34998527056163
2800,45.41667308588622
2801,54.07669932560533
2802,50.604623487751006
2803,71.10355252211997
2804,36.512336884808484
2805,34.378897182732175
2806,81.53524584967512
2807,35.47712283771176
2808,46.03192731457067
2809,59.16355975577068
2810,34.55024922528007
2811,70.41235599111103
2812,30.367252136551595
2813,66.97355134384185
2814,45.175545296834756
2815,29.4804756255563
2816,68.01119645572597
2817,41.85398193067434
2818,36.27269194221686
2819,29.743496598830593
2820,64.06391630308427
2821,67.30397153224312
2822,28.73235242659384
2823,45.98980679173026
2824,24.48437444589344
2825,34.523914499280785
2826,74.82949443883535
2827,50.549748573323654
2828,40.434153195335746
2829,68.61379079186928
2830,33.72532308352279
2831,69.97089794241532
2832,66.88640863462076
2833,39.84800283931179
2834,74.50390136816576
2835,35.08452451509761
2836,29.772099292856797
2837,68.66249495139394
2838,51.16214613411473
2839,80.80891990049115
2840,60.41727744530806
2841,25.937460942456493
2842,60.92790179433818
2843,67.21711527061629
2844,35.06611322859955
2845,38.46724237171726
2846,49.31481970692749
2847,70.5818849099163
2848,44.99645260372703
2849,62.91389213808371
2850,48.31412970543169
2851,69.47248840244922
2852,59.53397831224904
2853,42.0014260127743
2854,24.095626241257943
2855,49.99511830785761
2856,68.62500407012017
2857,67.72546319636155
2858,55.94512545900165
2859,38.91293452198826
2860,40.63415346171746
2861,32.996851426740626
2862,29.922669201682645
2863,62.063119787974045
2864,33.47288144163926
2865,29.33143423321114
2866,55.889129170378084
2867,29.932951142899963
2868,51.64610232381969
2869,34.55491701715958
2870,30.610256387207446
2871,31.305307249324816
2872,73.03580422848425
2873,28.11908165404065
2874,74.72272783026081
2875,36.347558197616785
2876,36.34169489118681
2877,38.71470721961259
2878,53.8426165085966
2879,62.45109113543491
2880,45.020334804512586
2881,55.51102480128029
2882,74.04774912952881
2883,46.01881579618455
2884,76.146702631166
2885,52.017406227376306
2886,32.71193791468252
2887,33.13276941058072
2888,63.707272935560525
2889,29.878240023552046
2890,38.6107800408897
2891,51.24218520567209
2892,33.953997091339154
2893,78.20518336729835
2894,34.116052474191726
2895,46.674966252012055
2896,32.55582027369579
2897,26.053142231876734
2898,66.50924418115115
2899,41.19296694068367
2900,31.8969737606402
2901,36.34147842151594
2902,31.235242250153426
2903,77.08699516440859
2904,29.278785917090616
2905,59.29201108469781
2906,45.29707432920927
2907,43.60559648664921
2908,61.47435837650961
2909,64.58671326286814
2910,39.94789501396018
2911,62.76002112209131
2912,68.07085022455372
2913,49.70287076522532
2914,42.67937059159357
2915,65.26560248608688
2916,47.86715667487459
2917,26.706617307188655
2918,28.74315587188774
2919,36.49365675986925
2920,31.88141486725262
2921,25.370952295650632
2922,23.91284136494169
2923,56.25770715878337
2924,34.410265897038755
2925,36.687371135871764
2926,29.10689413417519
2927,67.80435633178256
2928,40.830766065090266
2929,31.086328606891232
2930,41.39809490478159
2931,28.089761550912943
2932,32.647067017646314
2933,37.67981756763182
2934,36.58447928471214
2935,49.294266813438526
2936,77.25890539076863
2937,28.07540444650584
2938,65.4972736145175
2939,36.41706426157211
2940,29.589500030366914
2941,29.42154974902214
2942,56.98140134362086
2943,36.559247780362476
2944,71.83921658800051
2945,70.50765752655968
2946,46.12687595159132
2947,26.28962806909438
2948,27.481117283707203
2949,54.64102572604105
2950,31.295311985878957
2951,36.98611215808615
2952,67.90764522576862
2953,31.679089561432715
2954,44.38729699673162
2955,33.01019737598573
2956,57.4125341759189
2957,68.65752896602639
2958,28.558232482003532
2959,26.89661370255179
2960,38.87707889836708
2961,46.16329451555883
2962,76.11229467030287
2963,39.733541664731725
2964,32.5813935727596
2965,67.55198674794524
2966,90.46565939865273
2967,32.022085030229654
2968,46.564608311619445
2969,34.64099668664276
2970,30.026526351925625
2971,32.76608183133499
2972,41.00967135077052
2973,32.23102741579495
2974,36.88933468835694
2975,33.983551473455826
2976,31.40659527362995
2977,41.41913804592363
2978,31.485367673025824
2979,31.83332592451679
2980,67.81516218235915
2981,70.79864197330717
2982,71.26292478258807
2983,67.5195594720285
2984,34.4558061955812
2985,38.29533021113346
2986,49.29495530921714
2987,31.738719785520093
2988,72.97995628657385
2989,76.02610045129266
2990,72.66388801968263
2991,29.40139000067115
2992,72.75516039561084
2993,42.26615029917086
2994,71.0311471433445
2995,33.18875431263775
2996,51.27213316617882
2997,34.471726648971284
2998,75.32014623601454
2999,42.22976942276855
3000,74.84560779751938
3001,81.00570776459809
3002,46.22973140015068
3003,28.94523537104116
3004,38.002935706345966
3005,33.655159023711576
3006,27.726107742115868
3007,75.59035404402083
3008,33.740972977699684
3009,31.738604603090387
3010,37.351495997406055
3011,76.11492633070343
3012,76.42975581110811
3013,64.55529777973817
3014,36.0372453541184
3015,67.99332477898342
3016,71.57997755833499
3017,69.61263575140634
3018,32.74081738778955
3019,33.87642592303655
3020,34.8966654104501
3021,32.33544294386611
3022,54.6837157148395
3023,46.214151569675025
3024,67.37086768643049
3025,64.92447062639883
3026,52.5415562696184
3027,31.878955739810802
3028,45.40263522889241
3029,52.05964877063686
3030,74.5930623069276
3031,28.070857378639626
3032,44.575766583017405
3033,34.21700790812523
3034,58.13742955073683
3035,67.60988977098765
3036,67.17236740804199
3037,32.7465578997631
3038,72.39817908937549
3039,27.499758001970285
3040,61.45182729194411
3041,71.55842939215968
3042,33.732520051548796
3043,33.35992344189066
3044,41.5846163723433
3045,68.33767858298658
3046,41.24761830276371
3047,39.139762471821705
3048,31.622452615378958
3049,31.60446132901209
3050,25.344839989350366
3051,36.40170585266829
3052,77.24119524103563
3053,40.836320109023326
3054,65.61142756028153
3055,71.99008336026229
3056,35.382469682039535
3057,32.1722557973325
3058,37.66997568309698
3059,91.8577208254597
3060,48.30675974205942
3061,70.5697342699986
3062,35.71432336751127
3063,29.924764587996044
3064,30.26151623506328
3065,74.2058476109182
3066,32.96456843527192
3067,66.39226560473391
3068,31.207913528817574
3069,35.03459892534835
3070,28.285975817475343
3071,35.94405696926239
3072,62.80779181800778
3073,32.29535191927559
3074,59.25875111636666
3075,31.99326753035526
3076,47.442789060692135
3077,42.70638093646834
3078,51.55414903226748
3079,66.09150233777714
3080,26.873560476877522
3081,30.757680280683903
3082,80.35225802393454
3083,65.4105423081124
3084,57.310153077292185
3085,34.26960813940093
3086,32.70127191666418
3087,28.27485460308973
3088,39.470621331020126
3089,39.08864822681591
3090,53.86961572263818
3091,63.17946875527229
3092,31.289248368052288
3093,65.61625559323907
3094,32.480559021749954
3095,53.485423256596015
3096,73.19332308098892
3097,33.330886587039565
3098,37.108898980076304
3099,51.45519571449051
3100,31.36569022407144
3101,72.46970793639137
3102,37.26204084834439
3103,64.87220794457197
3104,44.40386249108037
3105,39.5904440491384
3106,65.50516416100328
3107,45.011894837086764
3108,85.5285475250982
3109,70.6808161221864
3110,64.34425862895787
3111,68.48612744659748
3112,43.11752574899251
3113,35.16135286294185
3114,36.328766035620504
3115,24.508277452651893
3116,44.780525307085014
3117,34.66350133488307
3118,42.40547151550022
3119,65.54364685402366
3120,58.53566683819198
3121,45.322166943689524
3122,46.99313762971273
3123,32.222401279962824
3124,50.9373863703451
3125,44.470310561383045
3126,31.244490424102136
3127,34.73319383184345
3128,36.82173908913741
3129,25.023558678062425
3130,27.301909782588925
3131,47.62979996325979
3132,21.685604933754483
3133,72.11936985229178
3134,74.40714721358141
3135,52.1987636013107
3136,74.81057047546018
3137,38.396711332604895
3138,30.223464067386782
3139,33.53016843186117
3140,22.867239066663974
3141,67.3648043254791
3142,52.94701433839751
3143,46.50809652148513
3144,49.591106205022896
3145,25.857038532101814
3146,30.624545897503975
3147,41.502092118205155
3148,28.909563598173783
3149,42.356265667770856
3150,68.4923000849064
3151,33.569013814046656
3152,34.240529381223595
3153,32.502379039338145
3154,39.05792171819529
3155,63.31017564617698
3156,28.26885574662138
3157,29.00546056738761
3158,33.52732489000415
3159,36.962374135685934
3160,69.55413688808322
3161,30.110131851523757
3162,61.7035788668653
3163,52.76629372541773
3164,20.971854975233967
3165,53.977821710631545
3166,70.83793194100886
3167,40.73443258971004
3168,41.570705820892464
3169,27.66975047621078
3170,44.27608652324817
3171,34.48448284413001
3172,54.27448701031969
3173,33.15521368292206
3174,30.92651988372442
3175,57.483110352149325
3176,28.64614072930483
3177,71.2915211625704
3178,42.43537863629713
3179,58.09630757004102
3180,31.884017880251395
3181,74.76756884210079
3182,28.287559824316954
3183,32.603773066470005
3184,28.376510137982347
3185,32.99843443519213
3186,31.373786260044525
3187,71.49817221972513
3188,33.267454861515304
3189,40.54684856649249
3190,66.77072861484525
3191,69.43616178769877
3192,40.9797691187101
3193,82.71879140939178
3194,73.10853025606488
3195,28.264781830235883
3196,29.69862481722704
3197,61.08696523587868
3198,73.97705767915112
3199,77.07328701276137
3200,42.45143148426101
3201,25.686835797645355
3202,26.997243406611656
3203,52.20677501246617
3204,64.12473853290717
3205,60.195422519912256
3206,37.81633569604922
3207,23.805815311940837
3208,31.022358577937514
3209,66.9712741441972
3210,55.56346073336043
3211,37.64107975989529
3212,68.14911941778148
3213,68.96211218411018
3214,24.080184736796927
3215,29.56883138814433
3216,29.502758291585412
3217,45.12747288136111
3218,35.252831788178796
3219,63.11434204592858
3220,75.2267235173104
3221,63.976789255835314
3222,31.89439697866519
3223,45.687787531119824
3224,33.43395231250286
3225,32.15441475645036
3226,29.792087658375394
3227,56.835508946323365
3228,71.6527372122233
3229,40.127138171519526
3230,28.829701951618954
3231,29.229908570616182
3232,30.079830758591076
3233,68.99404160441989
3234,33.842852464604775
3235,44.91158929323112
3236,48.17158079790264
3237,64.40164614937416
3238,58.121960170639824
3239,27.97125409574046
3240,31.748287384556892
3241,29.112329058706173
3242,64.32142403841061
3243,27.203904361212807
3244,24.9443673188279
3245,35.18799183910639
3246,74.65274691605917
3247,52.56144673764297
3248,58.246479527810415
3249,59.50903093076533
3250,66.89250297716842
3251,66.28634194826961
3252,35.2710325625443
3253,86.37271348404884
3254,73.60230903490258
3255,49.226215746720065
3256,72.44068374849937
3257,36.39032503029587
3258,28.76285308070687
3259,37.04751458174392
3260,58.096311304421555
3261,32.48733912624937
3262,56.35466890783512
3263,31.993455660881725
3264,31.215101386901086
3265,37.25912515224412
3266,36.078899755870346
3267,58.83074168337903
3268,66.3343048992586
3269,75.57961311941484
3270,66.48385971267099
3271,33.409826849882585
3272,69.61043017393533
3273,33.37970720269264
3274,30.804388823194948
3275,33.37963982342107
3276,61.404665533427696
3277,76.54672317351577
3278,37.1017426063409
3279,27.181216267491447
3280,75.30982292992782
3281,71.79913975901147
3282,62.41875344076696
3283,27.916231249493336
3284,27.856531291394926
3285,54.633769513370986
3286,34.75750294104885
3287,32.624283262613105
3288,33.42611345889035
3289,55.35266010117529
3290,72.71880469586445
3291,68.03262144487279
3292,31.427951391320594
3293,74.08329811458825
3294,49.83962045926168
3295,29.104287114149063
3296,35.3487088722111
3297,61.72066419324013
3298,68.45844148491513
3299,61.228047717716784
3300,71.3335866390455
3301,78.2438640226137
3302,81.08193691936182
3303,27.842257412540473
3304,32.50013460184205
3305,71.14439553649511
3306,59.75824534435493
3307,42.96141360476187
3308,30.659609701609547
3309,31.276344742495727
3310,29.34414706918787
3311,63.165340998378014
3312,31.474199108919446
3313,47.14859319391801
3314,31.95377098819707
3315,50.264259908898985
3316,69.5415961105632
3317,61.21954826768669
3318,27.420045129741098
3319,31.93904197051023
3320,44.32926481984962
3321,29.062284320885812
3322,67.2015190545793
3323,30.47693452838623
3324,57.459400550674204
3325,30.450533189019147
3326,47.30621919985447
3327,28.04962828259429
3328,71.33038717063243
3329,69.96863714126826
3330,73.69914585028242
3331,31.53709556628871
3332,50.207913670334406
3333,66.7435216206841
3334,66.88469061835269
3335,32.19042047672308
3336,38.93792710214293
3337,71.00053417826311
3338,61.13160460360281
3339,29.781260035583244
3340,40.62439163719278
3341,31.014901285606303
3342,88.10417932680875
3343,69.81552211058037
3344,68.8365841734887
3345,68.88088454042214
3346,59.825972454871334
3347,31.264184295502268
3348,31.11343199604038
3349,29.254745185174936
3350,59.42188933420203
3351,53.26003946975845
3352,69.67824981245461
3353,27.071993518945767
3354,30.897297794716522
3355,28.142381369970565
3356,71.89178368940193
3357,55.54661870993384
3358,56.23079936947546
3359,42.78724683276599
3360,44.211174479252534
3361,44.27597636035959
3362,58.14325171217863
3363,75.82679803385943
3364,40.560324097566166
3365,44.936465444018026
3366,31.271756325094383
3367,50.28569893560369
3368,37.23435354791
3369,46.08285774391018
3370,38.34687672709995
3371,30.87910148239234
3372,40.257631211833235
3373,68.5195972695577
3374,23.285671139959195
3375,50.27220593961873
3376,44.300452013673976
3377,73.54452151737647
3378,59.51450496769278
3379,27.537849112033737
3380,35.68346748683707
3381,34.038991827004956
3382,65.11180388112626
3383,25.793734311853232
3384,28.787940158199316
3385,28.47880449240207
3386,28.962876746105746
3387,70.16295779346123
3388,57.848146298040554
3389,30.321156037210446
3390,38.618125226280874
3391,31.70303046192458
3392,28.259347919542094
3393,82.03173330385141
3394,73.75771596319679
3395,64.68574103355427
3396,32.87072934986268
3397,32.294019900543034
3398,30.31116967442812
3399,61.96253368977438
3400,29.46102561797482
3401,33.067171430538394
3402,57.03733885433924
3403,40.29584136680506
3404,66.20486007701994
3405,72.79854478539906
3406,39.14082710228541
3407,31.670401646693033
3408,32.80350163080965
3409,64.98751338869444
3410,57.85869609341425
3411,59.005730033706804
3412,46.6600633371494
3413,38.84407935718493
3414,41.86218061721831
3415,35.574584411540016
3416,80.81922746305064
3417,69.71860676310176
3418,29.043603942404573
3419,23.425361716557227
3420,61.985871195287906
3421,35.578706207491386
3422,52.815567431642776
3423,37.460960952745786
3424,50.619183530833986
3425,35.681848317679446
3426,69.73249997660388
3427,29.12884281242068
3428,36.3648558117254
3429,50.49048112346756
3430,30.26975546896433
3431,69.02251100107497
3432,49.30149590002585
3433,55.06748706462535
3434,34.595361876901606
3435,70.78082049497414
3436,39.943117421374815
3437,52.03766820284706
3438,22.356839062126518
3439,72.50791256292595
3440,36.85319509112277
3441,42.42862002944004
3442,31.362938578090603
3443,24.548116753498867
3444,74.44672638700959
3445,32.9331881212097
3446,24.676279202083894
3447,49.7642574417212
3448,57.30822086356742
3449,44.259890218851645
3450,27.92879666065219
3451,38.58266977320777
3452,65.85940988566477
3453,45.54136044025793
3454,73.97418198299955
3455,32.76271823221695
3456,47.549940300782445
3457,67.50950012027403
3458,65.46156986305282
3459,37.58638603398707
3460,29.89950259869805
3461,33.79927247063272
3462,66.90479994309094
3463,70.4095701526924
3464,32.470958049728324
3465,32.19806866884855
3466,89.92397981402299
3467,55.826123148435805
3468,36.0368305139269
3469,32.124859263536166
3470,30.55717234049994
3471,39.09350155058956
3472,52.40941067985339
3473,60.76379871282607
3474,66.72085402829718
3475,72.30567824298483
3476,30.468677716100544
3477,47.834602735489334
3478,43.1435090545507
3479,36.805212745392545
3480,32.59770327418593
3481,30.543253318523487
3482,34.55266312432574
3483,61.42463317174839
3484,24.235537374045386
3485,57.76017076998023
3486,45.99280290233274
3487,25.88919438886766
3488,32.021120981717765
3489,72.9496816316636
3490,76.89459859385634
3491,47.06501145470916
3492,62.40358315720716
3493,76.43022811900468
3494,31.006353073219802
3495,38.80378479282524
3496,31.37012892965596
3497,26.678955332429325
3498,42.95606531534575
3499,47.47015970521829
3500,32.61260293989622
3501,30.3843959086247
3502,72.43940206356599
3503,55.251629923446714
3504,28.753947189743986
3505,42.30399465634973
3506,76.39752471168406
3507,29.929696759051403
3508,35.12618102051119
3509,34.00074837305712
3510,29.33602026420952
3511,61.79743813916349
3512,30.60254488426219
3513,24.315417996292314
3514,16.058797755830067
3515,73.81367545344409
3516,71.23912848895209
3517,24.58622023314131
3518,30.922457215950352
3519,69.80145037709366
3520,73.98392859100174
3521,41.23528300376369
3522,52.34112544554421
3523,32.43352167112801
3524,58.19123595867177
3525,31.308524346655343
3526,29.671944698334396
3527,30.879978510951748
3528,29.69989044691001
3529,45.0109064232701
3530,65.59133150722444
3531,31.33468199496905
3532,57.330305558581834
3533,43.71031873760826
3534,27.721661089784323
3535,76.71580982647617
3536,47.46334212485131
3537,28.62620910106443
3538,32.66107865902918
3539,32.80652171534957
3540,40.938088603163514
3541,32.58224179837549
3542,42.01829696621936
3543,49.4942774249479
3544,32.65218687163126
3545,77.08046326440157
3546,63.90851004499468
3547,53.540729887479856
3548,19.89122158158764
3549,62.13181741139505
3550,45.82318382927907
3551,32.30556162506427
3552,40.1416458013341
3553,56.96905823353627
3554,33.9876279067921
3555,45.98945481512354
3556,43.944992780348414
3557,64.67513733274174
3558,80.85449708225221
3559,47.84179308357757
3560,72.91331009267955
3561,37.49798285868091
3562,75.86360764553142
3563,29.915645692081995
3564,37.87524753508974
3565,61.6738921806825
3566,42.95492717121655
3567,43.759693637049125
3568,28.15441722473484
3569,55.775104130587685
3570,47.03633944247684
3571,49.12001060215239
3572,35.57855990934721
3573,56.62156589314788
3574,61.32675533840538
3575,56.75465259694774
3576,57.11033797220647
3577,54.4310499511292
3578,31.538041304046875
3579,36.99007335609471
3580,68.96784154201293
3581,40.0518633421091
3582,30.261752220860583
3583,32.49259261279834
3584,41.9573240885398
3585,30.710116555256118
3586,76.65869961687837
3587,73.95698436999682
3588,70.7509272930848
3589,70.32203941345416
3590,35.17306908851201
3591,72.02482145026532
3592,69.58304159267642
3593,30.241164596745513
3594,31.314629780562587
3595,58.707777436626095
3596,26.8009989445612
3597,36.25858245156009
3598,32.55966332534061
3599,72.50139103445477
3600,70.77585067345437
3601,35.83454675538172
3602,36.881394420668215
3603,67.96543701722615
3604,33.52432684810768
3605,69.06917809848228
3606,29.576025515635408
3607,37.22043503442343
3608,64.48873888586515
3609,37.1915511279374
3610,28.65699106227931
3611,48.77889716134886
3612,61.141762601540584
3613,61.902809390061854
3614,50.15796659331621
3615,64.05191547237109
3616,28.532327667288275
3617,63.81471309558958
3618,32.1292960122984
3619,39.01148305856146
3620,53.50209647878655
3621,60.16695889653639
3622,38.47164543870435
3623,59.71314651559785
3624,36.94656691094409
3625,30.471626932210956
3626,39.519357380038585
3627,48.58904592792559
3628,30.649783652923585
3629,66.27839898865925
3630,68.200190845921
3631,30.014505071921302
3632,46.1012413916434
3633,26.471278796078405
3634,71.77686924364123
3635,48.35140680699142
3636,52.74637193969425
3637,62.366323131785855
3638,66.57653764954932
3639,81.92153612534783
3640,37.16438109743914
3641,54.43773990912512
3642,39.9481621942176
3643,57.117565030993184
3644,26.061312499375926
3645,44.72614259136783
3646,49.488377789280584
3647,62.98142432024523
3648,27.081332947734712
3649,34.851486988977314
3650,28.979249619641024
3651,29.823124035234517
3652,43.14184775177299
3653,30.721399489799293
3654,64.75545825484531
3655,69.44979387584233
3656,37.23561987290249
3657,32.99711307778679
3658,65.50056152373143
3659,50.267330133028494
3660,37.94170042929227
3661,69.46574204455503
3662,26.789341061732937
3663,30.019300865443565
3664,69.25558646719462
3665,30.830601688473696
3666,71.86526468905893
3667,44.58940220069206
3668,51.18859493367046
3669,31.077478677875966
3670,71.04773952413558
3671,36.52186365178842
3672,29.886564084973244
3673,46.551641847935635
3674,29.734356128895122
3675,67.40277099550367
3676,57.35775759048022
3677,70.3797108985377
3678,66.6114439767226
3679,44.285454621166785
3680,74.8891043709558
3681,47.81662673321072
3682,47.22949161335446
3683,32.99281617796635
3684,63.18941125064936
3685,30.113039825919497
3686,52.49037052397283
3687,66.817794838982
3688,68.40159534178252
3689,68.45663753245658
3690,58.02273029555289
3691,28.164272290920866
3692,70.9408879590736
3693,31.77377931418358
3694,53.77728889195744
3695,39.7069986260679
3696,84.06675767942394
3697,48.350946933647535
3698,28.229372012214363
3699,39.044308406253336
3700,32.92998115553481
3701,49.36364466749293
3702,64.92082473814374
3703,37.146118658639224
3704,73.39034078854327
3705,72.05203073818915
3706,51.2620025069053
3707,33.064234882153045
3708,36.7272141105991
3709,63.32209698832177
3710,43.54329884878761
3711,32.80839985865014
3712,32.415675864708504
3713,70.65766887500713
3714,69.44938930487284
3715,30.93053155445683
3716,38.46266984787113
3717,71.29565927492578
3718,70.45864807129551
3719,56.92788637218799
3720,30.97844537666605
3721,72.44370921790846
3722,52.068967478931505
3723,70.04062118871589
3724,32.01076690365326
3725,37.96381003627196
3726,38.805238601123
3727,51.61443967286876
3728,27.48562384560643
3729,68.09395625577986
3730,33.996627529681994
3731,37.70583874981073
3732,53.769888794268155
3733,68.29784361729287
3734,67.6127126441834
3735,63.76795347312196
3736,39.737015481064155
3737,74.8940044121799
3738,71.33842021264569
3739,67.99310565710589
3740,38.54022754122209
3741,63.96522382508651
3742,69.72967496835109
3743,40.098910072830904
3744,53.0419758053658
3745,48.57478455782628
3746,64.37273654165865
3747,61.11212102953886
3748,31.461286467631222
3749,45.02010570646705
3750,33.57809402142895
3751,39.868428219027024
3752,29.93311790873098
3753,70.89756086831859
3754,58.894084924594104
3755,33.51932360121199
3756,62.36315965031907
3757,63.03066767040064
3758,42.33949283472113
3759,68.69168466936736
3760,69.20515056718344
3761,63.23342213131377
3762,30.18176264287678
3763,66.78313275913688
3764,37.10071176452126
3765,68.14864049418883
3766,55.23743713503793
3767,39.24487770588027
3768,33.1589516786227
3769,30.446478642469557
3770,26.832313770305692
3771,71.31525351329401
3772,48.15065704269155
3773,51.781612267710265
3774,35.46844239898728
3775,64.93264657867354
3776,77.73735730129155
3777,27.573384804861856
3778,72.45882447865618
3779,40.20854643765482
3780,26.01719907791453
3781,55.587404548645495
3782,33.66786657460303
3783,63.50493280205248
3784,27.376191213845175
3785,41.51579341722229
3786,60.39826278781148
3787,62.76790802337247
3788,63.67647567922367
3789,75.60311300429571
3790,37.810376457024574
3791,85.7736368799024
3792,29.63310733539246
3793,70.9672294991978
3794,50.13566438924767
3795,29.624098998273347
3796,71.42922745660151
3797,71.76757699414253
3798,65.07161710321458
3799,31.624739642844606
3800,43.002088327340935
3801,72.875299913966
3802,25.204838251658085
3803,33.09603812484188
3804,60.891867668488345
3805,46.024525873548
3806,74.12666186586956
3807,72.56704286661369
3808,70.02277442953788
3809,70.90397922589283
3810,77.38137220600416
3811,33.004994889924085
3812,66.7003359306242
3813,30.925213255993203
3814,28.129219928233862
3815,72.44820382549851
3816,79.21096936966347
3817,31.339969723121428
3818,44.949266451098566
3819,51.77296596758734
3820,68.71484384401124
3821,42.94981072656875
3822,32.01058612122991
3823,26.88733803337566
3824,67.74392213454247
3825,36.52913532592226
3826,46.02681248172116
3827,65.59200055866991
3828,44.724667473110834
3829,30.231951512327804
3830,64.16431982033848
3831,59.137878076692424
3832,31.451931570563108
3833,27.756410373340938
3834,40.59504319612488
3835,72.58943501762593
3836,54.78198418284766
3837,39.6106157915331
3838,65.6727472234619
3839,28.038813293565823
3840,72.31054705180392
3841,51.54193236659647
3842,40.42123126777287
3843,33.67675258760572
3844,69.78213888727855
3845,43.11174382342667
3846,32.74822790378314
3847,41.39523009586724
3848,41.30913470202453
3849,27.012250468052905
3850,51.36772333854251
3851,36.659057381174264
3852,66.22870210388264
3853,41.70845690426108
3854,47.42286560703882
3855,29.51614115728943
3856,29.850641163556947
3857,62.85872554422403
3858,31.35032267424128
3859,61.85660283382819
3860,43.018905145588654
3861,64.40510249817586
3862,59.41178058759317
3863,36.601283836831136
3864,52.113390418553564
3865,57.18367635061542
3866,32.73688122067671
3867,69.45435285840745
3868,29.81694880806173
3869,40.28237791004051
3870,73.52627452664778
3871,36.38915832025422
3872,31.452707731231314
3873,58.4150607784246
3874,33.74520204659896
3875,31.333856158076554
3876,31.07734659712776
3877,57.36939639785166
3878,60.96921288242613
3879,47.99901266606847
3880,49.94599254357477
3881,35.788636551460954
3882,43.730116446778716
3883,32.590874106166844
3884,46.02214566054444
3885,90.23583730659048
3886,35.09747956824182
3887,31.42930248171891
3888,32.37720372178527
3889,27.0049232616423
3890,85.32087104681817
3891,74.3919776321482
3892,36.53346907019383
3893,24.29206065394822
3894,33.240040353468494
3895,69.62000702513411
3896,31.13285453032447
3897,29.130243160649933
3898,32.65603330657136
3899,45.84357930290171
3900,27.863398346740716
3901,45.52508913247313
3902,70.64560219489887
3903,64.25821860258048
3904,37.07989090699823
3905,27.49143248873532
3906,77.08986175344094
3907,51.406109982060265
3908,30.091261715827805
3909,61.943783589250316
3910,48.10544877985316
3911,53.50354342523181
3912,29.54569349150261
3913,55.35131001805095
3914,65.3782982858875
3915,64.46733198851094
3916,70.31944805031253
3917,61.602927126572
3918,43.0692197574282
3919,30.257727507706193
3920,31.18473100321898
3921,30.574391006777898
3922,49.94258998661639
3923,70.59085913496088
3924,70.36734831460835
3925,29.795315892598246
3926,74.91145194007541
3927,64.87876814982626
3928,38.938877160627555
3929,40.60730691905928
3930,53.96326038469922
3931,54.97170247783293
3932,36.93027446603886
3933,31.55634504481081
3934,44.33522986818505
3935,30.055168100677257
3936,32.40880101286766
3937,81.1873443032016
3938,69.5072895984035
3939,35.13602729818234
3940,74.527640128072
3941,34.884857260417206
3942,66.21036746425466
3943,27.68892702404121
3944,56.44019837496564
3945,59.65217270690211
3946,47.080888840201155
3947,28.23059412913557
3948,47.68267675610118
3949,39.83663877168761
3950,61.36349765214349
3951,43.069331587138564
3952,32.29733417338818
3953,48.25721761036869
3954,30.33855446434495
3955,60.937614568872974
3956,38.8469945157124
3957,68.00199136437311
3958,28.926889644525815
3959,73.27446402326224
3960,51.63446026400402
3961,40.51410094452062
3962,69.98123949860526
3963,31.015346937304653
3964,44.06976770511266
3965,30.53757535604551
3966,64.87498380578855
3967,33.874009651047885
3968,41.57151403567813
3969,59.93803834363341
3970,29.238571921926678
3971,35.50980896507642
3972,65.1644923341394
3973,38.58105287820201
3974,44.508632635746565
3975,75.75755720556981
3976,69.90664724948691
3977,58.049686228587746
3978,69.05191003646071
3979,53.09430548230745
3980,66.48504055167076
3981,67.43904164970165
3982,44.87111989843997
3983,50.9182529083595
3984,57.4286976117972
3985,51.09574886843593
3986,32.887267166205405
3987,32.550832270090034
3988,39.759738080082585
3989,40.027664913413155
3990,34.658230765234
3991,34.70050290400329
3992,62.73385865039964
3993,28.15674356996779
3994,54.393159518502806
3995,23.878161401280178
3996,32.76640207859373
3997,29.525242346046866
3998,47.25329952557825
3999,47.60615566280963
4000,59.589741861899604
4001,36.56850722598479
4002,36.24313226438009
4003,62.768576539445114
4004,50.15302148515646
4005,28.958077166430428
4006,28.839221120283693
4007,28.599423009008685
4008,37.60851550011887
4009,62.98042564466769
4010,32.36145639069093
4011,70.87645188443264
4012,28.908439792062804
4013,40.431369025429944
4014,28.281593091243295
4015,58.130927850328405
4016,53.622102124783446
4017,40.2831786427541
4018,28.07857846752825
4019,72.84107950303826
4020,27.220452155918945
4021,59.79843223966395
4022,29.611842332955014
4023,30.196398059959392
4024,60.74249857972698
4025,30.201353898445625
4026,55.90991421584498
4027,68.470630078314
4028,27.600531076723758
4029,69.12114509561393
4030,26.931730039757316
4031,29.322763527578278
4032,44.16796637140762
4033,39.789602491419316
4034,33.038326300682336
4035,52.099954680446984
4036,39.9625109298453
4037,33.48377171697845
4038,61.49193703917929
4039,71.13105657672662
4040,43.29054841006669
4041,56.268787461357256
4042,45.093822706874896
4043,68.12269569038007
4044,50.60195002448027
4045,72.93947412242957
4046,67.26257524354853
4047,40.19620151435306
4048,70.46569479169082
4049,68.39878928514074
4050,69.7491872395295
4051,34.779823580074094
4052,53.863902934378736
4053,32.83372182875794
4054,68.42760410003942
4055,46.113146174067374
4056,33.98716570653643
4057,33.64716978097872
4058,28.537184323929026
4059,66.0737719464283
4060,64.97757361952134
4061,42.53411505022548
4062,69.68791688051645
4063,67.45749586309199
4064,30.866147137625486
4065,51.24109943044116
4066,64.38328378844415
4067,30.59232815803401
4068,34.22060409894987
4069,26.121379341069634
4070,32.573322967199815
4071,38.83874262728915
4072,30.689092170946008
4073,37.57415344137725
4074,30.864854173435795
4075,46.30224998384115
4076,30.353809814656884
4077,33.5231064532189
4078,43.11874615057403
4079,33.85903325981714
4080,30.660278549429695
4081,29.96876005640998
4082,72.66915932411749
4083,29.07887692141734
4084,32.221129337764815
4085,70.32116752389292
4086,61.564320267428236
4087,25.185682005458137
4088,51.51590908371561
4089,70.569202894748
4090,31.81359674309738
4091,61.67517206788401
4092,32.817547604687825
4093,26.04500120151797
4094,59.97620412065594
4095,32.41021799585531
4096,51.86199050225236
4097,34.55576008035978
4098,66.15780585260947
4099,69.72269350623439
4100,67.19592494725984
4101,73.66094862277974
4102,57.297459967483626
4103,31.009420637638538
4104,63.92855064088911
4105,64.35696705247958
4106,69.64002645950825
4107,68.56185602537165
4108,32.77830978459989
4109,70.48538072063471
4110,35.414852459726816
4111,35.787252076309166
4112,44.14529405268674
4113,37.15194310751187
4114,69.35415144254438
4115,36.77221497591772
4116,49.980231487647806
4117,47.034252226316724
4118,25.872766628658685
4119,34.983907266046266
4120,67.82107382919436
4121,25.004678628154995
4122,58.399279426446874
4123,39.76248035919678
4124,51.534090051879204
4125,36.689298766315964
4126,37.81555454388964
4127,48.86651388420504
4128,34.92185747015465
4129,37.097084790755936
4130,65.78385522907085
4131,72.52919864877762
4132,32.134936129022506
4133,50.70439704737343
4134,64.52940902366215
4135,26.506148298771333
4136,41.285498842335016
4137,67.70990345888319
4138,35.91027511441603
4139,87.5873014536537
4140,39.86988306728844
4141,75.75175053314427
4142,27.315560679830593
4143,52.861448438862865
4144,30.791309216175602
4145,38.20573772956212
4146,44.76108282653414
4147,37.982581034264214
4148,58.356591331402825
4149,64.219404359515
4150,52.49530095731912
4151,37.04316643457058
4152,33.95720075861652
4153,29.914797145355884
4154,33.272726026621655
4155,55.028489217415235
4156,67.25591164889332
4157,70.93370214999631
4158,69.92384560365677
4159,63.09636397486469
4160,55.24393884675648
4161,44.484093642623854
4162,55.001040646278945
4163,63.918761727393985
4164,67.03824560093192
4165,26.845163478881677
4166,24.91544669558964
4167,64.85050783517369
4168,36.556085294930675
4169,43.61418612825647
4170,37.28931034064877
4171,32.15203824457905
4172,38.97305513443718
4173,51.19703185662061
4174,37.58698333868033
4175,68.80376183834852
4176,57.20060078677965
4177,71.84867529507557
4178,50.83571777617381
4179,61.17779624435971
4180,44.381313784315815
4181,46.912552683389556
4182,81.37969745522547
4183,47.954438604390184
4184,27.2313485013942
4185,20.603163638096014
4186,26.52231560691824
4187,53.41581730291511
4188,31.701303308062908
4189,66.98035743710815
4190,74.03130149694525
4191,35.13003695349893
4192,49.808100631032794
4193,36.73679595899776
4194,53.227634590353986
4195,69.12117196359318
4196,62.17634464208633
4197,47.31639244723769
4198,52.31081607266622
4199,66.37909096278456
4200,25.510897581187308
4201,79.14172383334314
4202,57.295703715024985
4203,66.7696145514902
4204,31.09510714252308
4205,30.458711286890306
4206,67.8546306296532
4207,33.363749997741934
4208,78.27349461515523
4209,46.00924979539981
4210,51.693818782623026
4211,55.404263980284796
4212,76.33457848459942
4213,45.38491175436976
4214,40.95732863897706
4215,57.452351980127304
4216,73.73783269380212
4217,30.098274352459057
4218,76.42197568533317
4219,31.57105958796731
4220,54.20700988088546
4221,30.80969978565215
4222,70.22724720760915
4223,74.37857124914879
4224,33.841452871255214
4225,34.495407856398316
4226,40.52452189222776
4227,33.186208387995585
4228,28.102119063209063
4229,68.95418514556022
4230,28.549006037314136
4231,38.987559218992885
4232,27.57349929651297
4233,68.7139606958356
4234,68.78909136035091
4235,50.661329955941945
4236,58.298696690883496
4237,34.109462391703964
4238,73.93698277339946
4239,73.99576415035385
4240,66.89714759164622
4241,88.16979518586034
4242,84.21651090139206
4243,35.83786487236096
4244,35.8146290344259
4245,66.09173980976065
4246,47.42686136092899
4247,27.177973704374956
4248,30.461729289355056
4249,70.04777394510991
4250,37.987044872242485
4251,30.456411580154494
4252,28.814450455447428
4253,31.616328252575006
4254,67.26511480148865
4255,69.52724660725846
4256,28.868979138454762
4257,67.38273032650923
4258,63.59133478681438
4259,75.00734879259986
4260,74.27698591615605
4261,37.56908445892015
4262,30.876339457577263
4263,75.71270017911495
4264,65.06766346532467
4265,31.0969979643767
4266,36.27236453061642
4267,43.54713572719075
4268,38.94801839915003
4269,34.750291951846535
4270,79.7832282144832
4271,41.73952095397245
4272,70.08907567553025
4273,38.46955880927495
4274,47.930325320509866
4275,52.016150425591604
4276,69.83866912914345
4277,32.069733274329
4278,64.30247887514162
4279,32.144145297318914
4280,74.54769632142983
4281,65.05294748373572
4282,29.033864549890577
4283,20.90143203839334
4284,70.4536595651128
4285,29.95370772883764
4286,32.955031664997925
4287,34.21902067893497
4288,36.671083879340024
4289,34.618424258129
4290,47.28985682027549
4291,44.18964619881755
4292,31.766363751472582
4293,61.811850326656796
4294,34.672337517150154
4295,53.41748923448514
4296,68.7765216429447
4297,43.43894824817811
4298,24.57635771901003
4299,28.00307765554231
4300,54.92500177241711
4301,58.417274364421566
4302,46.35092171163801
4303,32.00868488650632
4304,30.98217623082127
4305,57.520731415081364
4306,30.140922459515565
4307,71.94494094025393
4308,30.947820583976732
4309,76.78904081410317
4310,30.543205715667522
4311,27.231177802003707
4312,57.47768838994215
4313,40.80264039105923
4314,25.962360850497106
4315,63.84852590558239
4316,27.382856236648006
4317,64.37995414737007
4318,54.67908934879304
4319,44.24102003608141
4320,49.151281165492236
4321,52.69762511701731
4322,27.817781721099173
4323,73.98200699959003
4324,70.79256262249588
4325,32.153902077095445
4326,24.369247672109438
4327,40.92522074270234
4328,31.050170001234907
4329,72.85778955320282
4330,64.68636908151537
4331,29.062889763217214
4332,40.60957606285064
4333,41.45951707170025
4334,27.791426156327255
4335,75.61436386458897
4336,34.0902609567038
4337,30.426150350477805
4338,25.74244359094734
4339,44.547578524803804
4340,67.8939886281531
4341,27.791792665683168
4342,32.38276417774641
4343,32.73764902182981
4344,60.260687636919215
4345,32.72096161673283
4346,72.01659126156643
4347,32.73317094143602
4348,55.80662781932483
4349,69.96503114951012
4350,41.503325924930465
4351,68.3406897711921
4352,48.839602525549026
4353,33.5326465420606
4354,34.6432998222969
4355,42.68043058619296
4356,69.18450759535104
4357,44.78633021891845
4358,30.143946667114275
4359,60.39883072490344
4360,39.637446402113106
4361,31.905132660289535
4362,27.98778157490082
4363,78.67497396876749
4364,26.803222743423948
4365,46.21636888776965
4366,34.021051782761575
4367,71.05727078518565
4368,57.42367262138977
4369,56.436644117313264
4370,50.13577925442961
4371,36.276516482140224
4372,29.008769065599846
4373,58.05919367879687
4374,32.67048534738025
4375,39.907932537674505
4376,55.20333725103615
4377,37.30604012825887
4378,53.09251611675967
4379,71.24442038567473
4380,28.9219314517042
4381,34.847358755775915
4382,48.01280104130391
4383,52.75056713997884
4384,35.5630883644688
4385,36.672533399120994
4386,54.07600526340912
4387,66.63338859992699
4388,28.7536927391303
4389,71.24595550717922
4390,44.7303259329997
4391,74.85122191183373
4392,35.870656319276925
4393,49.861691251317446
4394,73.10004364310986
4395,26.739141774691486
4396,31.45306843944174
4397,58.94805533119089
4398,74.44938879652537
4399,75.66089756095258
4400,32.761269872673836
4401,66.35123021033607
4402,32.02553774571241
4403,62.00419061097897
4404,35.235393839485354
4405,69.12379681215421
4406,33.47239557478372
4407,68.56910155198118
4408,31.480758246053437
4409,45.656964143554475
4410,67.73057168343107
4411,30.28872528526073
4412,35.88519860825065
4413,66.08138714973553
4414,49.57703678488454
4415,55.53462179324
4416,71.14365327800122
4417,31.98255072478657
4418,49.83760479034504
4419,28.22715298170133
4420,36.53286672537546
4421,30.724696259265034
4422,76.21038075196114
4423,34.24865154505738
4424,51.808386854155366
4425,45.5810493831349
4426,47.76695472512039
4427,27.640236399744257
4428,52.352791621047245
4429,59.29598321104865
4430,53.04255297346919
4431,26.582305885986525
4432,40.56294812439624
4433,48.439245962638886
4434,72.9781344142816
4435,27.56637722682061
4436,33.230770279700835
4437,74.00737341993765
4438,31.366586989162617
4439,44.03615603120494
4440,34.828217203361135
4441,30.446899229655074
4442,79.58837569426616
4443,56.73763009238174
4444,51.73486487337037
4445,26.097630389853464
4446,40.60200893500721
4447,66.6836296949198
4448,42.77867859846105
4449,30.772636513531527
4450,40.49288471050146
4451,44.277941140698445
4452,68.74781639627263
4453,51.82813571553178
4454,87.4259462010062
4455,54.79897747421959
4456,62.233965632695536
4457,32.08031261154951
4458,42.233386566136126
4459,32.37832127160302
4460,73.20676836761767
4461,77.59067331159653
4462,27.846517707737817
4463,77.87784189092832
4464,71.5404648817821
4465,45.40657987767066
4466,29.46106885166363
4467,31.187923803559162
4468,59.4791167915582
4469,77.30630467307616
4470,26.412603709917907
4471,60.3472251750723
4472,36.83792625388409
4473,27.811715248236784
4474,29.962734949396687
4475,61.5592308504221
4476,33.03816551575097
4477,39.82712373871249
4478,53.029108097396964
4479,34.25733900046013
4480,30.88112238207267
4481,47.50137530718745
4482,48.51637105798278
4483,65.3177309436923
4484,32.02108218354443
4485,30.733830608866672
4486,27.241045939184165
4487,75.59437686962455
4488,68.5548715984595
4489,32.985125502955285
4490,25.707926851681545
4491,51.75109447936906
4492,27.848673711300968
4493,52.59588196376666
4494,27.6380459732181
4495,51.12025375315717
4496,29.386091747485935
4497,40.4809265299855
4498,29.627823962777008
4499,60.518623356641214
4500,23.79660865379137
4501,29.65602918942853
4502,70.48798417675381
4503,61.534048794789314
4504,73.28478971047177
4505,31.369578438404748
4506,53.61854762406646
4507,48.96346506841738
4508,35.925027220082576
4509,73.22792278401363
4510,39.45904341899989
4511,52.88113555826747
4512,34.03983888858673
4513,49.82695714522633
4514,53.21551084357236
4515,51.18842098075977
4516,68.17046808999709
4517,37.83881774348933
4518,26.930504246453328
4519,27.976149651437908
4520,26.392678763782673
4521,42.02723507652987
4522,46.223610633655035
4523,35.05211008614354
4524,46.11712086719663
4525,28.25876422111358
4526,33.2731492295091
4527,33.75449812214584
4528,32.226277367706224
4529,66.15318445045828
4530,46.17737934359148
4531,53.25993801136019
4532,70.7316403722495
4533,33.238125687678206
4534,37.17110497832894
4535,30.347559258514977
4536,60.41429456810384
4537,61.83877874998879
4538,31.027507249320127
4539,32.50300508685874
4540,64.8083102291135
4541,65.02275756121375
4542,31.099835692660466
4543,26.408701223136955
4544,31.396119011002444
4545,65.5356155999751
4546,81.1886266712245
4547,65.14515914993521
4548,70.14151511339601
4549,74.42307123957276
4550,51.993868889813626
4551,53.287343952351776
4552,35.22575115882719
4553,30.901344624030173
4554,52.85526949317421
4555,42.618366338437326
4556,69.35090367708564
4557,49.72760957246729
4558,32.92362201444764
4559,56.230166131592824
4560,28.203127281109992
4561,30.253336222242634
4562,61.009775888524516
4563,34.82797319904042
4564,28.102946662052045
4565,55.12849918933958
4566,33.22969568423092
4567,54.42239149395692
4568,52.27702832860785
4569,59.60790138734138
4570,30.138554442928527
4571,35.4937538606792
4572,24.22593515483711
4573,70.02530775168674
4574,28.54139311509982
4575,30.826586474718386
4576,36.713538151602414
4577,54.768146777974685
4578,79.41471751734927
4579,26.574680304483877
4580,37.425934140841356
4581,51.15683544323552
4582,44.673659669202955
4583,81.94962466726388
4584,30.34371599654121
4585,62.83774880736215
4586,27.05241917657924
4587,31.789314178363746
4588,57.45630375241393
4589,62.539389664500625
4590,67.33004161953914
4591,37.28628067214975
4592,66.69263697471183
4593,68.5529212262825
4594,22.683776711695337
4595,30.598028197909514
4596,47.051410938096794
4597,26.632803529413135
4598,32.94329517359104
4599,33.729437056797224
4600,72.52670462492367
4601,31.1882464631229
4602,38.240045888468714
4603,59.23395961806164
4604,66.47948833870736
4605,75.73006973687413
4606,45.55679402874844
4607,31.556876728101738
4608,36.76612083270212
4609,63.47142862790068
4610,34.548387983067904
4611,27.654327308690227
4612,39.11730602350573
4613,34.67781699882898
4614,32.53903812125454
4615,36.33420466845805
4616,64.63981692636659
4617,38.76112422037578
4618,87.73103505407023
4619,38.781417128250915
4620,38.56602799492859
4621,35.16224674005026
4622,44.11484304002776
4623,29.757705664682927
4624,37.340841758271836
4625,69.63464113623199
4626,57.09072187817895
4627,77.90392713470696
4628,65.84070447837269
4629,32.40595005966265
4630,75.81590005030725
4631,73.25706920737905
4632,40.77313788983629
4633,28.69124737259882
4634,58.38483029837565
4635,39.21408010830418
4636,31.300569546750804
4637,36.64463698516192
4638,61.84186487852003
4639,64.17744838424875
4640,32.698608040415024
4641,66.19431169597685
4642,33.325660010391246
4643,72.96393274933864
4644,36.43546425464894
4645,21.300787998108593
4646,74.02787208376215
4647,69.94360348234565
4648,36.10565938149421
4649,32.17546749927049
4650,46.33363275192153
4651,38.06867543951309
4652,35.10305000657702
4653,67.88530907993422
4654,76.54513708296224
4655,41.38600574604405
4656,33.033335292214375
4657,33.28708527041683
4658,29.312823775095627
4659,65.95168554994781
4660,27.89638152553171
4661,38.94274199091848
4662,58.932644817728374
4663,41.07296601938295
4664,73.6962094262451
4665,34.917147922887736
4666,73.90476671237361
4667,28.92813202525508
4668,26.437944018560504
4669,40.39166819623294
4670,42.79463763226654
4671,59.31648086256715
4672,45.97930515601917
4673,36.05165949274162
4674,57.6230862970102
4675,47.88966730574647
4676,34.597767645690666
4677,76.87969622955369
4678,33.532310093843556
4679,49.92436732568855
4680,67.02546052070693
4681,32.00978303629556
4682,67.6814293110981
4683,37.78907968169766
4684,63.47979650791168
4685,39.91095432400794
4686,70.04417445908744
4687,67.77611396637087
4688,40.471192110448136
4689,64.40215600511236
4690,29.230348207481235
4691,71.53624723364507
4692,50.89985108022799
4693,28.81161249715779
4694,71.69874082223689
4695,70.74709825664229
4696,57.279790769125704
4697,28.334018718080408
4698,46.90551280882756
4699,59.560037284205066
4700,69.02808512542937
4701,34.34093379152003
4702,36.63051109846516
4703,31.577270640961707
4704,26.030750663273086
4705,42.08130327460074
4706,35.600941045675675
4707,63.53777056351015
4708,29.956051452337064
4709,36.72472670001353
4710,26.664490799480294
4711,31.842691053249634
4712,64.91852570830689
4713,31.824828254121833
4714,41.417073724119206
4715,81.89105141955703
4716,35.486078291260064
4717,71.28959049258103
4718,33.70009267747566
4719,25.326653628152123
4720,72.66645092438262
4721,31.331458504248484
4722,30.59550975162664
4723,23.484821962417747
4724,32.28909035376763
4725,26.818037604130605
4726,33.78144110061272
4727,66.77437404781823
4728,71.75961313035083
4729,55.79366077833721
4730,74.26113516710552
4731,60.19687412012964
4732,36.18758990947595
4733,36.385813554675245
4734,46.54985960763825
4735,29.493763457362714
4736,34.7093519553288
4737,67.96059729263186
4738,28.7402476125345
4739,76.159017954707
4740,72.20560849528019
4741,28.78091082035403
4742,34.807027416634284
4743,69.64129290779913
4744,54.2515143525104
4745,63.28066218546557
4746,49.54010773830693
4747,64.13210768478194
4748,46.642410761172904
4749,74.89503949517966
4750,31.82413916958612
4751,37.15213835190414
4752,33.750300361802545
4753,64.13844923287533
4754,82.61932504478338
4755,32.487696854344165
4756,58.38249510022537
4757,35.004300917138075
4758,69.50660254371458
4759,27.80585019420618
4760,46.762847962299816
4761,70.50001992457535
4762,31.216061061761657
4763,68.63093516258017
4764,36.21597731150423
4765,27.310391214299234
4766,31.051254081833473
4767,35.59382987909207
4768,28.98156375299192
4769,35.12206674661459
4770,34.69501637543535
4771,31.114054019553063
4772,41.58747296860311
4773,76.15844485977445
4774,45.37277922514963
4775,56.16655039967435
4776,65.4082171777281
4777,30.528014215658683
4778,34.04848686673653
4779,60.96928219686152
4780,43.179570404392464
4781,68.93886817799141
4782,31.407642410549837
4783,36.88561705419117
4784,32.82158105613866
4785,36.863635411096375
4786,30.97326132018605
4787,67.99054166662368
4788,65.38916087504742
4789,75.47792071714098
4790,25.976998165328343
4791,69.94367381493439
4792,57.19073102391972
4793,32.785584651615466
4794,28.284628253344316
4795,34.26695599598466
4796,39.573912473466386
4797,27.088816007667997
4798,36.64427702987899
4799,55.73860140146219
4800,64.59332371784379
4801,24.973367819083578
4802,30.69362658621395
4803,31.846638713079408
4804,36.66547272881967
4805,31.01926793042825
4806,23.999352070427495
4807,74.84742846599649
4808,35.40978490137036
4809,83.71305628052649
4810,61.890146641009004
4811,68.15560695435556
4812,27.796664834246137
4813,30.840187947716014
4814,65.68984107848449
4815,53.34356738054911
4816,49.528816669929974
4817,56.22470293978765
4818,37.19580689209806
4819,90.17490616966128
4820,31.663349537477753
4821,28.159286498829584
4822,47.48860443932164
4823,54.55622415984218
4824,34.905078066653935
4825,27.15263991944055
4826,53.82894964732284
4827,30.60194042324331
4828,61.91300058833051
4829,33.21395647453785
4830,68.87001174837904
4831,60.06258310390743
4832,67.18457344299735
4833,29.14655393308239
4834,26.650724712180196
4835,28.020790165356104
4836,23.934084902396663
4837,28.998626774324258
4838,58.615259917556976
4839,80.78698232276565
4840,48.15898272663067
4841,62.04874408210064
4842,30.680232384340474
4843,36.79846607460635
4844,39.75924325234744
4845,27.76134262509377
4846,49.353484711409905
4847,69.89935185720049
4848,70.70053052924743
4849,34.06285666379252
4850,28.84371491739091
4851,36.90070572347511
4852,60.233523441519075
4853,28.667628021484262
4854,31.832861343210144
4855,45.03237450076639
4856,73.92554244502621
4857,37.62167591660029
4858,39.149445637828414
4859,35.941668190432935
4860,38.3422422351922
4861,36.11481419267311
4862,32.27904353814381
4863,32.094262549436046
4864,65.78120487545476
4865,35.12681450041156
4866,70.14048182767718
4867,38.73972751903207
4868,38.51113394055023
4869,49.42742019394547
4870,35.995081465089655
4871,71.002622684003
4872,60.2577443412232
4873,34.7737795844258
4874,32.08408926596162
4875,60.57408229322706
4876,62.91869670164875
4877,29.83353935839274
4878,76.83112649261832
4879,72.84327125541438
4880,33.037870841870856
4881,46.09400651477372
4882,35.03302142254788
4883,33.02628017455147
4884,38.53457855351204
4885,58.404870202504995
4886,72.23304699070428
4887,40.737490645358
4888,40.53732637395097
4889,33.76197651886499
4890,46.922290221819296
4891,49.67740110154823
4892,26.22133202841161
4893,70.8620389478335
4894,35.569317503123116
4895,31.884802612792843
4896,41.37019846983048
4897,58.01148807014184
4898,43.456539297224936
4899,70.65227851829589
4900,40.671852764045745
4901,60.6317647370291
4902,51.77081350580963
4903,63.5276415875649
4904,56.935000076326006
4905,67.09650260414595
4906,70.73394645773264
4907,33.764186473221066
4908,30.25131640502812
4909,74.8573808976217
4910,42.48914919714503
4911,31.35553392664495
4912,31.587010305647983
4913,72.9507714800125
4914,34.19460261766907
4915,37.01269927932708
4916,42.141878904468776
4917,52.1410376047718
4918,30.37382971202324
4919,69.51146148763416
4920,26.314383118457336
4921,35.3510030344743
4922,34.383620983414346
4923,62.368439546483906
4924,36.398315073060296
4925,45.781529811205736
4926,77.01751752842468
4927,38.18075286162257
4928,72.06096717873096
4929,82.89184448053471
4930,32.663697106098894
4931,46.82849918100927
4932,34.235960138307064
4933,65.02195192010527
4934,30.661719873026616
4935,32.6525749654083
4936,65.03118670836908
4937,27.625265962281702
4938,75.21141622054132
4939,35.93548871964209
4940,41.65078079176444
4941,68.65458230455157
4942,44.309839934275296
4943,63.60770438080159
4944,29.076988469519886
4945,79.73793576434868
4946,27.42321597571024
4947,39.60976246589954
4948,30.704282028559536
4949,40.76458603055377
4950,27.403657138960448
4951,23.103440020449398
4952,39.6559171633509
4953,62.000189312562554
4954,39.50733288969759
4955,70.19095114218173
4956,43.90819992149609
4957,30.117841920645898
4958,56.48741818671486
4959,39.388515010137056
4960,35.514740812709505
4961,30.86389770158844
4962,72.02062895171923
4963,39.654036137556616
4964,41.252892650722515
4965,69.59031416892167
4966,34.47714009944585
4967,46.45529273482152
4968,77.25404443052031
4969,75.02555333504827
4970,71.88212395960811
4971,62.27767634725163
4972,40.7222841286249
4973,28.046800474425396
4974,68.193636843825
4975,31.466058322391294
4976,41.804062689139734
4977,27.444719540349833
4978,51.40591100652516
4979,43.9037764346068
4980,71.95323391094732
4981,29.455439650285022
4982,31.916334731882863
4983,36.1210310056491
4984,36.718291869075344
4985,64.33501566898126
4986,70.42962352552567
4987,27.31433318098295
4988,52.00319543070542
4989,44.292552694273134
4990,59.4940711548898
4991,69.42138955393028
4992,35.75561909444072
4993,28.00867085651105
4994,46.720445038793166
4995,34.61333561252941
4996,62.463110067829334
4997,59.22824211856774
4998,43.66237106092783
4999,67.23198833686278
